1,2016-01-22-46,1.706461081385037
2,2016-01-22-46,1.0
3,2016-01-22-46,1.0
4,2016-01-22-46,1.2397670762507973
5,2016-01-22-46,1.0
6,2016-01-22-46,1.0
7,2016-01-22-46,9.57338850046405
8,2016-01-22-46,266.8173599081444
9,2016-01-22-46,1.0
10,2016-01-22-46,1.0
11,2016-01-22-46,1.0
12,2016-01-22-46,1.1692591542342403
13,2016-01-22-46,1.0
14,2016-01-22-46,12.649891180805998
15,2016-01-22-46,1.0
16,2016-01-22-46,1.0
17,2016-01-22-46,1.0
18,2016-01-22-46,1.0
19,2016-01-22-46,1.0
20,2016-01-22-46,1.0
21,2016-01-22-46,1.0
22,2016-01-22-46,3.3434309327138454
23,2016-01-22-46,33.02283666802614
24,2016-01-22-46,6.165301945701414
25,2016-01-22-46,1.0
26,2016-01-22-46,1.0
27,2016-01-22-46,3.9500641065719346
28,2016-01-22-46,1.8619413832631264
29,2016-01-22-46,1.0
30,2016-01-22-46,1.0
31,2016-01-22-46,1.0
32,2016-01-22-46,1.0
33,2016-01-22-46,1.0
34,2016-01-22-46,1.0
35,2016-01-22-46,1.0
36,2016-01-22-46,1.0
37,2016-01-22-46,35.23850201937936
38,2016-01-22-46,1.0
39,2016-01-22-46,1.0
40,2016-01-22-46,1.0
41,2016-01-22-46,1.0
42,2016-01-22-46,1.260375981925453
43,2016-01-22-46,1.0
44,2016-01-22-46,1.0
45,2016-01-22-46,1.0
46,2016-01-22-46,7.021628589518888
47,2016-01-22-46,1.0
48,2016-01-22-46,4.821482611639307
49,2016-01-22-46,1.0
50,2016-01-22-46,1.0
51,2016-01-22-46,3.5425027711720714
52,2016-01-22-46,1.0
53,2016-01-22-46,1.0
54,2016-01-22-46,1.0
55,2016-01-22-46,1.0
56,2016-01-22-46,1.0
57,2016-01-22-46,1.0
58,2016-01-22-46,1.0
59,2016-01-22-46,1.03853930572563
60,2016-01-22-46,1.0
61,2016-01-22-46,1.0
62,2016-01-22-46,1.0
63,2016-01-22-46,1.0
64,2016-01-22-46,1.0
65,2016-01-22-46,1.0
66,2016-01-22-46,1.0
1,2016-01-22-58,2.82412148255195
2,2016-01-22-58,1.0
3,2016-01-22-58,1.0
4,2016-01-22-58,26.726186860326973
5,2016-01-22-58,1.0
6,2016-01-22-58,14.678712090664213
7,2016-01-22-58,4.334302526188737
8,2016-01-22-58,167.67023462994686
9,2016-01-22-58,1.4580225895549037
10,2016-01-22-58,1.702808470079033
11,2016-01-22-58,1.0
12,2016-01-22-58,1.8618811468800125
13,2016-01-22-58,2.8473391600143714
14,2016-01-22-58,2.7435911224887333
15,2016-01-22-58,1.0
16,2016-01-22-58,2.637178993286719
17,2016-01-22-58,1.0
18,2016-01-22-58,1.0
19,2016-01-22-58,1.0
20,2016-01-22-58,2.4796383992874533
21,2016-01-22-58,1.0068406427457892
22,2016-01-22-58,4.064922096532826
23,2016-01-22-58,49.58461139611847
24,2016-01-22-58,100.3179162204989
25,2016-01-22-58,19.293430657531008
26,2016-01-22-58,37.028513877477735
27,2016-01-22-58,4.632911807031866
28,2016-01-22-58,3.5496970673636326
29,2016-01-22-58,2.105994061634233
30,2016-01-22-58,1.0
31,2016-01-22-58,1.0
32,2016-01-22-58,1.0
33,2016-01-22-58,1.0
34,2016-01-22-58,1.0
35,2016-01-22-58,1.0
36,2016-01-22-58,1.0
37,2016-01-22-58,308.8642046686509
38,2016-01-22-58,1.7423093008063952
39,2016-01-22-58,1.0
40,2016-01-22-58,1.0
41,2016-01-22-58,4.142782334413472
42,2016-01-22-58,1.8438673446801632
43,2016-01-22-58,1.0
44,2016-01-22-58,1.0
45,2016-01-22-58,1.0
46,2016-01-22-58,117.60749242429097
47,2016-01-22-58,1.0
48,2016-01-22-58,4.231604797792101
49,2016-01-22-58,1.0
50,2016-01-22-58,1.0
51,2016-01-22-58,5.8318902502546415
52,2016-01-22-58,1.0
53,2016-01-22-58,5.188439217957064
54,2016-01-22-58,1.0
55,2016-01-22-58,1.0
56,2016-01-22-58,1.0
57,2016-01-22-58,1.0
58,2016-01-22-58,1.0
59,2016-01-22-58,1.0
60,2016-01-22-58,1.0
61,2016-01-22-58,1.0
62,2016-01-22-58,1.0
63,2016-01-22-58,1.0
64,2016-01-22-58,1.0
65,2016-01-22-58,1.0
66,2016-01-22-58,1.0
1,2016-01-22-70,1.4909973850625424
2,2016-01-22-70,1.0
3,2016-01-22-70,1.0
4,2016-01-22-70,3.7611579181344923
5,2016-01-22-70,1.0
6,2016-01-22-70,7.567316539526298
7,2016-01-22-70,2.3008007234207626
8,2016-01-22-70,27.575679127005955
9,2016-01-22-70,1.0
10,2016-01-22-70,1.0
11,2016-01-22-70,1.0
12,2016-01-22-70,1.1569309330473994
13,2016-01-22-70,1.0
14,2016-01-22-70,1.0
15,2016-01-22-70,1.0
16,2016-01-22-70,1.0
17,2016-01-22-70,1.0
18,2016-01-22-70,1.0
19,2016-01-22-70,1.0
20,2016-01-22-70,1.4360545441793549
21,2016-01-22-70,1.0
22,2016-01-22-70,5.419732227330409
23,2016-01-22-70,26.148784756253495
24,2016-01-22-70,35.15199044936448
25,2016-01-22-70,1.695854974869193
26,2016-01-22-70,2.051461973882045
27,2016-01-22-70,4.435587769406543
28,2016-01-22-70,2.3705902034279087
29,2016-01-22-70,5.070601223809459
30,2016-01-22-70,1.0
31,2016-01-22-70,2.3904613972031985
32,2016-01-22-70,1.0
33,2016-01-22-70,1.0
34,2016-01-22-70,1.0
35,2016-01-22-70,1.0
36,2016-01-22-70,1.0
37,2016-01-22-70,12.988962850440018
38,2016-01-22-70,1.4672407865139105
39,2016-01-22-70,1.0
40,2016-01-22-70,1.0
41,2016-01-22-70,1.342475250190783
42,2016-01-22-70,6.6925526861360805
43,2016-01-22-70,1.0
44,2016-01-22-70,1.0
45,2016-01-22-70,1.0
46,2016-01-22-70,17.430093276818624
47,2016-01-22-70,2.741876388096561
48,2016-01-22-70,2.5182153110109295
49,2016-01-22-70,1.0
50,2016-01-22-70,1.0
51,2016-01-22-70,5.863465282878055
52,2016-01-22-70,1.0
53,2016-01-22-70,1.4522676129134204
54,2016-01-22-70,1.0
55,2016-01-22-70,1.0
56,2016-01-22-70,1.0
57,2016-01-22-70,1.0
58,2016-01-22-70,1.0
59,2016-01-22-70,1.0
60,2016-01-22-70,1.0
61,2016-01-22-70,1.0
62,2016-01-22-70,1.0
63,2016-01-22-70,1.0
64,2016-01-22-70,1.0
65,2016-01-22-70,1.0
66,2016-01-22-70,1.0
1,2016-01-22-82,1.8168373415610257
2,2016-01-22-82,1.0
3,2016-01-22-82,1.0
4,2016-01-22-82,5.410402727509846
5,2016-01-22-82,1.0
6,2016-01-22-82,5.628698564597577
7,2016-01-22-82,22.95867406572699
8,2016-01-22-82,46.79330987564732
9,2016-01-22-82,1.0
10,2016-01-22-82,1.0
11,2016-01-22-82,1.0
12,2016-01-22-82,2.447359555040947
13,2016-01-22-82,1.0
14,2016-01-22-82,1.1824038051969765
15,2016-01-22-82,1.0
16,2016-01-22-82,1.0
17,2016-01-22-82,1.0
18,2016-01-22-82,1.7805965903410563
19,2016-01-22-82,1.0
20,2016-01-22-82,2.038224991422978
21,2016-01-22-82,1.7379340414491116
22,2016-01-22-82,5.0730526750928435
23,2016-01-22-82,11.551232490276398
24,2016-01-22-82,23.436217764166198
25,2016-01-22-82,1.0
26,2016-01-22-82,8.496869328508499
27,2016-01-22-82,5.220403737811309
28,2016-01-22-82,2.275196914533819
29,2016-01-22-82,1.080925505388993
30,2016-01-22-82,1.0
31,2016-01-22-82,1.0
32,2016-01-22-82,1.0
33,2016-01-22-82,1.7232808647191287
34,2016-01-22-82,1.0
35,2016-01-22-82,4.47811432496135
36,2016-01-22-82,1.0
37,2016-01-22-82,46.76016716409371
38,2016-01-22-82,1.0
39,2016-01-22-82,1.0
40,2016-01-22-82,1.0
41,2016-01-22-82,1.0
42,2016-01-22-82,1.0646942567814215
43,2016-01-22-82,1.0
44,2016-01-22-82,1.0
45,2016-01-22-82,1.7528910477150172
46,2016-01-22-82,1.80392449221236
47,2016-01-22-82,2.741876388096561
48,2016-01-22-82,4.514320838975597
49,2016-01-22-82,1.0
50,2016-01-22-82,1.0
51,2016-01-22-82,5.181890250254641
52,2016-01-22-82,1.0
53,2016-01-22-82,1.0
54,2016-01-22-82,1.0
55,2016-01-22-82,1.0
56,2016-01-22-82,1.0
57,2016-01-22-82,1.0
58,2016-01-22-82,1.0
59,2016-01-22-82,1.0
60,2016-01-22-82,1.0
61,2016-01-22-82,1.0
62,2016-01-22-82,1.0
63,2016-01-22-82,1.0
64,2016-01-22-82,1.0
65,2016-01-22-82,1.0
66,2016-01-22-82,1.0
1,2016-01-22-94,1.8308856823603916
2,2016-01-22-94,1.0
3,2016-01-22-94,1.0
4,2016-01-22-94,2.8866837185433023
5,2016-01-22-94,1.0
6,2016-01-22-94,1.0
7,2016-01-22-94,146.4433626578487
8,2016-01-22-94,49.24757374717442
9,2016-01-22-94,1.0
10,2016-01-22-94,1.0
11,2016-01-22-94,1.0
12,2016-01-22-94,1.5629696594167064
13,2016-01-22-94,1.0
14,2016-01-22-94,3.604967507256589
15,2016-01-22-94,1.0
16,2016-01-22-94,1.0
17,2016-01-22-94,1.0
18,2016-01-22-94,1.0
19,2016-01-22-94,1.0
20,2016-01-22-94,1.632694873154355
21,2016-01-22-94,1.0415381963897092
22,2016-01-22-94,7.112093348054892
23,2016-01-22-94,19.449557997419948
24,2016-01-22-94,4.922161431245301
25,2016-01-22-94,1.0
26,2016-01-22-94,4.8806415561696594
27,2016-01-22-94,4.804959509223729
28,2016-01-22-94,2.81879963476213
29,2016-01-22-94,1.0
30,2016-01-22-94,1.0
31,2016-01-22-94,1.0
32,2016-01-22-94,1.0
33,2016-01-22-94,1.0
34,2016-01-22-94,1.0
35,2016-01-22-94,1.0
36,2016-01-22-94,1.0
37,2016-01-22-94,29.09355477574296
38,2016-01-22-94,1.0
39,2016-01-22-94,1.0
40,2016-01-22-94,1.0
41,2016-01-22-94,1.0
42,2016-01-22-94,1.0
43,2016-01-22-94,1.0
44,2016-01-22-94,1.0
45,2016-01-22-94,1.0
46,2016-01-22-94,2.108462938576369
47,2016-01-22-94,1.0
48,2016-01-22-94,104.6735463323921
49,2016-01-22-94,1.0
50,2016-01-22-94,1.0
51,2016-01-22-94,48.54287374751528
52,2016-01-22-94,1.0
53,2016-01-22-94,1.0
54,2016-01-22-94,1.0
55,2016-01-22-94,1.0
56,2016-01-22-94,1.0
57,2016-01-22-94,1.0
58,2016-01-22-94,1.0
59,2016-01-22-94,1.0
60,2016-01-22-94,1.0
61,2016-01-22-94,1.0
62,2016-01-22-94,1.0
63,2016-01-22-94,1.0
64,2016-01-22-94,1.0
65,2016-01-22-94,1.0
66,2016-01-22-94,1.0
1,2016-01-22-106,2.448079353153538
2,2016-01-22-106,1.0
3,2016-01-22-106,1.0
4,2016-01-22-106,4.250688691500054
5,2016-01-22-106,1.0
6,2016-01-22-106,1.0
7,2016-01-22-106,501.13106195217097
8,2016-01-22-106,304.65836629924735
9,2016-01-22-106,1.0
10,2016-01-22-106,1.0
11,2016-01-22-106,1.0
12,2016-01-22-106,4.445379037821676
13,2016-01-22-106,1.0
14,2016-01-22-106,35.825470471421255
15,2016-01-22-106,1.0
16,2016-01-22-106,1.0
17,2016-01-22-106,1.0
18,2016-01-22-106,1.0
19,2016-01-22-106,1.1723678857288795
20,2016-01-22-106,3.6783814311482326
21,2016-01-22-106,1.9625900663855458
22,2016-01-22-106,10.233681464625851
23,2016-01-22-106,201.6569633080932
24,2016-01-22-106,1.5657543268273129
25,2016-01-22-106,1.0
26,2016-01-22-106,18.11083823210224
27,2016-01-22-106,7.29940373781131
28,2016-01-22-106,11.823656239163054
29,2016-01-22-106,2.227890892889542
30,2016-01-22-106,1.0
31,2016-01-22-106,1.0
32,2016-01-22-106,1.0
33,2016-01-22-106,1.0
34,2016-01-22-106,1.0
35,2016-01-22-106,7.38138588656556
36,2016-01-22-106,1.0
37,2016-01-22-106,190.16041126755042
38,2016-01-22-106,1.0
39,2016-01-22-106,1.0
40,2016-01-22-106,1.0
41,2016-01-22-106,1.0
42,2016-01-22-106,2.1118521322931776
43,2016-01-22-106,1.0
44,2016-01-22-106,1.0
45,2016-01-22-106,1.0
46,2016-01-22-106,4.379433837053454
47,2016-01-22-106,1.0
48,2016-01-22-106,366.0396672451809
49,2016-01-22-106,1.0
50,2016-01-22-106,1.0
51,2016-01-22-106,747.2017633056099
52,2016-01-22-106,1.0
53,2016-01-22-106,2.44905607948239
54,2016-01-22-106,1.0
55,2016-01-22-106,1.0
56,2016-01-22-106,1.0
57,2016-01-22-106,1.0
58,2016-01-22-106,1.0
59,2016-01-22-106,1.0
60,2016-01-22-106,1.0
61,2016-01-22-106,1.0
62,2016-01-22-106,1.0
63,2016-01-22-106,1.0
64,2016-01-22-106,1.0
65,2016-01-22-106,1.0
66,2016-01-22-106,1.0
1,2016-01-22-118,2.549022903050552
2,2016-01-22-118,1.0
3,2016-01-22-118,1.0
4,2016-01-22-118,5.887966170615579
5,2016-01-22-118,1.0
6,2016-01-22-118,1.0
7,2016-01-22-118,19.129936766337813
8,2016-01-22-118,10.04935394084678
9,2016-01-22-118,1.0
10,2016-01-22-118,1.0
11,2016-01-22-118,1.0
12,2016-01-22-118,2.504927681304256
13,2016-01-22-118,1.0
14,2016-01-22-118,2.8736874155192496
15,2016-01-22-118,3.3090131594890138
16,2016-01-22-118,1.0
17,2016-01-22-118,1.0
18,2016-01-22-118,1.0
19,2016-01-22-118,1.0
20,2016-01-22-118,3.897169261199723
21,2016-01-22-118,1.094201846144973
22,2016-01-22-118,10.941491664625852
23,2016-01-22-118,4.483972403533258
24,2016-01-22-118,1.0
25,2016-01-22-118,1.0
26,2016-01-22-118,39.93324727769448
27,2016-01-22-118,2.9256382933819207
28,2016-01-22-118,5.156505814268958
29,2016-01-22-118,1.0
30,2016-01-22-118,1.0
31,2016-01-22-118,1.0
32,2016-01-22-118,1.0
33,2016-01-22-118,1.0
34,2016-01-22-118,1.0
35,2016-01-22-118,4.47811432496135
36,2016-01-22-118,1.0
37,2016-01-22-118,3.1664195549160876
38,2016-01-22-118,1.0
39,2016-01-22-118,1.0
40,2016-01-22-118,1.0
41,2016-01-22-118,1.0
42,2016-01-22-118,1.0
43,2016-01-22-118,1.0
44,2016-01-22-118,1.0
45,2016-01-22-118,1.0
46,2016-01-22-118,1.5101136232656547
47,2016-01-22-118,1.0
48,2016-01-22-118,9.300923053320677
49,2016-01-22-118,1.0
50,2016-01-22-118,1.0
51,2016-01-22-118,38.1451946545859
52,2016-01-22-118,1.0
53,2016-01-22-118,1.0
54,2016-01-22-118,1.0
55,2016-01-22-118,1.0
56,2016-01-22-118,1.0
57,2016-01-22-118,1.0
58,2016-01-22-118,1.0
59,2016-01-22-118,1.0
60,2016-01-22-118,1.0
61,2016-01-22-118,1.0
62,2016-01-22-118,1.0
63,2016-01-22-118,1.0
64,2016-01-22-118,1.0
65,2016-01-22-118,1.0
66,2016-01-22-118,1.0
1,2016-01-22-130,3.7491133766064286
2,2016-01-22-130,1.0
3,2016-01-22-130,1.0
4,2016-01-22-130,1.78100868074842
5,2016-01-22-130,1.0
6,2016-01-22-130,1.0
7,2016-01-22-130,152.54884992000652
8,2016-01-22-130,197.57957140451583
9,2016-01-22-130,1.0
10,2016-01-22-130,1.0
11,2016-01-22-130,1.0
12,2016-01-22-130,2.4914274118673054
13,2016-01-22-130,1.0
14,2016-01-22-130,5.411345150923706
15,2016-01-22-130,1.0
16,2016-01-22-130,1.0
17,2016-01-22-130,1.0
18,2016-01-22-130,1.0
19,2016-01-22-130,1.0
20,2016-01-22-130,2.8978767888240125
21,2016-01-22-130,1.795919186868505
22,2016-01-22-130,5.674702667327645
23,2016-01-22-130,48.25762971023371
24,2016-01-22-130,1.551409401676457
25,2016-01-22-130,1.0
26,2016-01-22-130,1.5358155412909154
27,2016-01-22-130,1.630432721211308
28,2016-01-22-130,162.177317457072
29,2016-01-22-130,1.0
30,2016-01-22-130,1.0
31,2016-01-22-130,1.0
32,2016-01-22-130,1.0
33,2016-01-22-130,1.0
34,2016-01-22-130,1.0
35,2016-01-22-130,1.0
36,2016-01-22-130,1.0
37,2016-01-22-130,12.988962850440018
38,2016-01-22-130,1.0
39,2016-01-22-130,1.762610989283249
40,2016-01-22-130,1.0
41,2016-01-22-130,1.0
42,2016-01-22-130,1.3572498768004098
43,2016-01-22-130,1.0
44,2016-01-22-130,1.0
45,2016-01-22-130,1.0
46,2016-01-22-130,4.125884125539451
47,2016-01-22-130,1.0
48,2016-01-22-130,157.00190574519664
49,2016-01-22-130,1.0
50,2016-01-22-130,1.0
51,2016-01-22-130,579.1615942906877
52,2016-01-22-130,1.0
53,2016-01-22-130,1.0
54,2016-01-22-130,1.0
55,2016-01-22-130,1.0
56,2016-01-22-130,1.0
57,2016-01-22-130,1.0
58,2016-01-22-130,1.0
59,2016-01-22-130,1.0
60,2016-01-22-130,1.0
61,2016-01-22-130,1.0
62,2016-01-22-130,1.0
63,2016-01-22-130,1.0
64,2016-01-22-130,1.0
65,2016-01-22-130,1.0
66,2016-01-22-130,1.0
1,2016-01-22-142,4.427592342044552
2,2016-01-22-142,1.0
3,2016-01-22-142,1.0
4,2016-01-22-142,1.0
5,2016-01-22-142,1.0
6,2016-01-22-142,1.0
7,2016-01-22-142,3.495922225596399
8,2016-01-22-142,5.566676024624253
9,2016-01-22-142,1.0
10,2016-01-22-142,1.0
11,2016-01-22-142,1.0
12,2016-01-22-142,8.549435089140548
13,2016-01-22-142,1.0
14,2016-01-22-142,4.044639992248809
15,2016-01-22-142,1.0
16,2016-01-22-142,1.0
17,2016-01-22-142,1.0
18,2016-01-22-142,1.0
19,2016-01-22-142,1.0
20,2016-01-22-142,1.6208163950250944
21,2016-01-22-142,1.1147610683045601
22,2016-01-22-142,8.75133642327768
23,2016-01-22-142,11.297359199143452
24,2016-01-22-142,1.3197008199229154
25,2016-01-22-142,1.0
26,2016-01-22-142,1.0057213529666682
27,2016-01-22-142,2.745972607026072
28,2016-01-22-142,11.280078043830333
29,2016-01-22-142,1.0
30,2016-01-22-142,1.0
31,2016-01-22-142,1.0
32,2016-01-22-142,1.0
33,2016-01-22-142,1.0
34,2016-01-22-142,1.0
35,2016-01-22-142,1.0
36,2016-01-22-142,1.0
37,2016-01-22-142,2.4884293041002357
38,2016-01-22-142,1.0
39,2016-01-22-142,1.0
40,2016-01-22-142,1.0
41,2016-01-22-142,1.0
42,2016-01-22-142,23.186713231421017
43,2016-01-22-142,1.0
44,2016-01-22-142,1.0
45,2016-01-22-142,1.0
46,2016-01-22-142,1.9415587021658292
47,2016-01-22-142,1.0
48,2016-01-22-142,22.312079110839186
49,2016-01-22-142,1.0
50,2016-01-22-142,1.0
51,2016-01-22-142,294.6099440871717
52,2016-01-22-142,1.0
53,2016-01-22-142,1.0
54,2016-01-22-142,1.0
55,2016-01-22-142,1.0
56,2016-01-22-142,1.0
57,2016-01-22-142,1.0
58,2016-01-22-142,1.0
59,2016-01-22-142,1.0
60,2016-01-22-142,1.0
61,2016-01-22-142,1.0
62,2016-01-22-142,1.0
63,2016-01-22-142,1.0
64,2016-01-22-142,1.0
65,2016-01-22-142,1.0
66,2016-01-22-142,1.0
1,2016-01-24-58,1.1505438753998702
2,2016-01-24-58,1.0
3,2016-01-24-58,1.0
4,2016-01-24-58,1.2055171732070697
5,2016-01-24-58,1.0
6,2016-01-24-58,3.3399562281602933
7,2016-01-24-58,10.773803462282222
8,2016-01-24-58,26.150702871373305
9,2016-01-24-58,1.0
10,2016-01-24-58,1.0
11,2016-01-24-58,1.0
12,2016-01-24-58,1.1946534557687656
13,2016-01-24-58,1.0
14,2016-01-24-58,4.125276499775998
15,2016-01-24-58,1.0
16,2016-01-24-58,1.0
17,2016-01-24-58,1.0
18,2016-01-24-58,1.0
19,2016-01-24-58,1.0
20,2016-01-24-58,1.6287395398229707
21,2016-01-24-58,1.0
22,2016-01-24-58,5.142191071661677
23,2016-01-24-58,24.668635123487054
24,2016-01-24-58,36.298971629222585
25,2016-01-24-58,1.0
26,2016-01-24-58,1.3739900478209248
27,2016-01-24-58,7.29940373781131
28,2016-01-24-58,1.570338000354667
29,2016-01-24-58,4.53959199172681
30,2016-01-24-58,1.0
31,2016-01-24-58,2.05003773595228
32,2016-01-24-58,1.0
33,2016-01-24-58,1.0
34,2016-01-24-58,1.0
35,2016-01-24-58,1.0
36,2016-01-24-58,1.0
37,2016-01-24-58,18.511808463315045
38,2016-01-24-58,1.0
39,2016-01-24-58,1.0
40,2016-01-24-58,1.0
41,2016-01-24-58,1.1665053057098644
42,2016-01-24-58,3.7955758909642676
43,2016-01-24-58,1.0
44,2016-01-24-58,1.0
45,2016-01-24-58,1.0
46,2016-01-24-58,28.13879807455061
47,2016-01-24-58,1.0
48,2016-01-24-58,2.931527314236379
49,2016-01-24-58,1.3189931464961704
50,2016-01-24-58,1.0
51,2016-01-24-58,4.8984858412101335
52,2016-01-24-58,1.0
53,2016-01-24-58,1.0
54,2016-01-24-58,1.0
55,2016-01-24-58,1.0
56,2016-01-24-58,1.0
57,2016-01-24-58,1.0
58,2016-01-24-58,1.0
59,2016-01-24-58,1.0
60,2016-01-24-58,1.0
61,2016-01-24-58,1.0
62,2016-01-24-58,1.0
63,2016-01-24-58,1.0
64,2016-01-24-58,1.0
65,2016-01-24-58,1.0
66,2016-01-24-58,1.0
1,2016-01-24-70,2.708706263724181
2,2016-01-24-70,1.0
3,2016-01-24-70,1.0
4,2016-01-24-70,2.4586142706586256
5,2016-01-24-70,1.0
6,2016-01-24-70,2.294958777918599
7,2016-01-24-70,7.812319879091699
8,2016-01-24-70,37.820775560247945
9,2016-01-24-70,1.5236883177679037
10,2016-01-24-70,1.0
11,2016-01-24-70,1.0
12,2016-01-24-70,2.4042160661764678
13,2016-01-24-70,1.0
14,2016-01-24-70,11.700781781734143
15,2016-01-24-70,1.0
16,2016-01-24-70,1.0
17,2016-01-24-70,1.0
18,2016-01-24-70,1.0
19,2016-01-24-70,1.0
20,2016-01-24-70,8.328420021038466
21,2016-01-24-70,1.175777877333745
22,2016-01-24-70,5.39316516463995
23,2016-01-24-70,29.309911619058852
24,2016-01-24-70,39.205838035311366
25,2016-01-24-70,1.0
26,2016-01-24-70,14.96400326023059
27,2016-01-24-70,8.796806957441337
28,2016-01-24-70,6.447024209811301
29,2016-01-24-70,4.548745144182566
30,2016-01-24-70,1.0
31,2016-01-24-70,1.0
32,2016-01-24-70,1.0
33,2016-01-24-70,1.0
34,2016-01-24-70,1.0
35,2016-01-24-70,1.0
36,2016-01-24-70,1.0
37,2016-01-24-70,150.16053723785114
38,2016-01-24-70,1.760926855862346
39,2016-01-24-70,1.0
40,2016-01-24-70,1.0
41,2016-01-24-70,1.0683103503373137
42,2016-01-24-70,3.158182797292439
43,2016-01-24-70,1.0
44,2016-01-24-70,1.0
45,2016-01-24-70,1.0
46,2016-01-24-70,104.01210662921991
47,2016-01-24-70,1.0787300785275933
48,2016-01-24-70,2.9036502801964943
49,2016-01-24-70,1.0
50,2016-01-24-70,1.0
51,2016-01-24-70,4.649392882282676
52,2016-01-24-70,1.0
53,2016-01-24-70,1.0
54,2016-01-24-70,1.0
55,2016-01-24-70,1.0
56,2016-01-24-70,1.0
57,2016-01-24-70,1.0
58,2016-01-24-70,1.0
59,2016-01-24-70,1.0
60,2016-01-24-70,1.0
61,2016-01-24-70,1.0
62,2016-01-24-70,1.0
63,2016-01-24-70,1.0
64,2016-01-24-70,1.0
65,2016-01-24-70,1.0
66,2016-01-24-70,1.0
1,2016-01-24-82,2.145593134713883
2,2016-01-24-82,1.0
3,2016-01-24-82,1.0
4,2016-01-24-82,3.4115516735828604
5,2016-01-24-82,1.0
6,2016-01-24-82,1.0636703071694138
7,2016-01-24-82,8.644441627045545
8,2016-01-24-82,21.80112394145476
9,2016-01-24-82,1.0
10,2016-01-24-82,1.0
11,2016-01-24-82,1.0
12,2016-01-24-82,1.2879821359767991
13,2016-01-24-82,1.0
14,2016-01-24-82,2.074670783854022
15,2016-01-24-82,1.0
16,2016-01-24-82,1.0
17,2016-01-24-82,1.0
18,2016-01-24-82,1.0
19,2016-01-24-82,1.0
20,2016-01-24-82,1.1953471169498737
21,2016-01-24-82,1.0
22,2016-01-24-82,4.385034586079933
23,2016-01-24-82,11.50661686229036
24,2016-01-24-82,7.0011614312453
25,2016-01-24-82,1.0
26,2016-01-24-82,2.9577132600917118
27,2016-01-24-82,7.29940373781131
28,2016-01-24-82,2.8456779475169047
29,2016-01-24-82,1.6827356748128377
30,2016-01-24-82,1.0
31,2016-01-24-82,1.0
32,2016-01-24-82,1.0
33,2016-01-24-82,1.0
34,2016-01-24-82,1.0
35,2016-01-24-82,1.0
36,2016-01-24-82,1.0
37,2016-01-24-82,22.02539168288309
38,2016-01-24-82,1.0
39,2016-01-24-82,1.0
40,2016-01-24-82,1.0
41,2016-01-24-82,1.0
42,2016-01-24-82,1.0
43,2016-01-24-82,1.0
44,2016-01-24-82,1.0
45,2016-01-24-82,1.1223878585218838
46,2016-01-24-82,13.130093276818606
47,2016-01-24-82,1.0
48,2016-01-24-82,4.914690262870082
49,2016-01-24-82,1.0
50,2016-01-24-82,1.0
51,2016-01-24-82,6.407829752753164
52,2016-01-24-82,1.0
53,2016-01-24-82,1.0
54,2016-01-24-82,1.0
55,2016-01-24-82,1.0
56,2016-01-24-82,1.0
57,2016-01-24-82,1.0
58,2016-01-24-82,1.0
59,2016-01-24-82,1.0
60,2016-01-24-82,1.0
61,2016-01-24-82,1.0
62,2016-01-24-82,1.0
63,2016-01-24-82,1.0
64,2016-01-24-82,1.0
65,2016-01-24-82,1.0
66,2016-01-24-82,1.0
1,2016-01-24-94,2.128416157117486
2,2016-01-24-94,1.0
3,2016-01-24-94,1.0
4,2016-01-24-94,1.2308803383844278
5,2016-01-24-94,1.0
6,2016-01-24-94,1.0
7,2016-01-24-94,2.5081353900893792
8,2016-01-24-94,5.857628428297811
9,2016-01-24-94,1.0
10,2016-01-24-94,1.0
11,2016-01-24-94,1.0
12,2016-01-24-94,1.9083800248934524
13,2016-01-24-94,1.0
14,2016-01-24-94,2.0663592243172513
15,2016-01-24-94,1.0
16,2016-01-24-94,1.0
17,2016-01-24-94,1.0
18,2016-01-24-94,1.0
19,2016-01-24-94,1.0
20,2016-01-24-94,1.6210514029761462
21,2016-01-24-94,1.0
22,2016-01-24-94,4.86725442238071
23,2016-01-24-94,5.145740331059363
24,2016-01-24-94,1.1962054884348552
25,2016-01-24-94,1.0
26,2016-01-24-94,1.0
27,2016-01-24-94,6.18665345858222
28,2016-01-24-94,2.5204241787487294
29,2016-01-24-94,1.0
30,2016-01-24-94,1.0
31,2016-01-24-94,1.0
32,2016-01-24-94,1.0
33,2016-01-24-94,1.0
34,2016-01-24-94,1.0
35,2016-01-24-94,1.0
36,2016-01-24-94,1.0
37,2016-01-24-94,2.0642717118156364
38,2016-01-24-94,1.0
39,2016-01-24-94,1.0
40,2016-01-24-94,1.0
41,2016-01-24-94,1.0
42,2016-01-24-94,1.4609427797331025
43,2016-01-24-94,1.0
44,2016-01-24-94,1.0
45,2016-01-24-94,1.0
46,2016-01-24-94,1.1835252298654098
47,2016-01-24-94,1.0
48,2016-01-24-94,7.50861968650671
49,2016-01-24-94,1.0
50,2016-01-24-94,1.0
51,2016-01-24-94,5.692706494712292
52,2016-01-24-94,1.0
53,2016-01-24-94,1.0
54,2016-01-24-94,1.0
55,2016-01-24-94,1.0
56,2016-01-24-94,1.0
57,2016-01-24-94,1.0
58,2016-01-24-94,1.0
59,2016-01-24-94,1.0
60,2016-01-24-94,1.0
61,2016-01-24-94,1.0
62,2016-01-24-94,1.0
63,2016-01-24-94,1.0
64,2016-01-24-94,1.0
65,2016-01-24-94,1.0
66,2016-01-24-94,1.0
1,2016-01-24-106,3.5435643967498547
2,2016-01-24-106,1.0
3,2016-01-24-106,1.0
4,2016-01-24-106,1.0
5,2016-01-24-106,1.0
6,2016-01-24-106,1.0
7,2016-01-24-106,4.351242301737996
8,2016-01-24-106,4.5092830735165235
9,2016-01-24-106,1.0
10,2016-01-24-106,1.0
11,2016-01-24-106,1.0
12,2016-01-24-106,1.9144259568547972
13,2016-01-24-106,1.0
14,2016-01-24-106,1.198917207123984
15,2016-01-24-106,1.0
16,2016-01-24-106,1.0
17,2016-01-24-106,1.0
18,2016-01-24-106,1.0
19,2016-01-24-106,1.0
20,2016-01-24-106,1.0620531887622273
21,2016-01-24-106,1.625832578049147
22,2016-01-24-106,10.941491664625852
23,2016-01-24-106,7.89932133546281
24,2016-01-24-106,1.521017355916138
25,2016-01-24-106,1.0
26,2016-01-24-106,1.0
27,2016-01-24-106,3.9829118070318694
28,2016-01-24-106,3.642273814544492
29,2016-01-24-106,1.0
30,2016-01-24-106,1.0
31,2016-01-24-106,1.0
32,2016-01-24-106,1.0
33,2016-01-24-106,1.0
34,2016-01-24-106,1.0
35,2016-01-24-106,1.0
36,2016-01-24-106,1.0
37,2016-01-24-106,2.6548244167628114
38,2016-01-24-106,1.0
39,2016-01-24-106,1.0
40,2016-01-24-106,1.0
41,2016-01-24-106,1.0
42,2016-01-24-106,1.8045848643613704
43,2016-01-24-106,1.0
44,2016-01-24-106,1.0
45,2016-01-24-106,1.0
46,2016-01-24-106,1.6191892496563907
47,2016-01-24-106,1.0
48,2016-01-24-106,127.15158224352604
49,2016-01-24-106,1.0
50,2016-01-24-106,1.0
51,2016-01-24-106,20.900824018436992
52,2016-01-24-106,1.0
53,2016-01-24-106,1.0
54,2016-01-24-106,1.0
55,2016-01-24-106,1.0
56,2016-01-24-106,1.0
57,2016-01-24-106,1.0
58,2016-01-24-106,1.0
59,2016-01-24-106,1.0
60,2016-01-24-106,1.0
61,2016-01-24-106,1.0
62,2016-01-24-106,1.333587217901849
63,2016-01-24-106,1.0
64,2016-01-24-106,1.0
65,2016-01-24-106,1.0
66,2016-01-24-106,1.0
1,2016-01-24-118,2.9354252472956763
2,2016-01-24-118,1.0
3,2016-01-24-118,1.0
4,2016-01-24-118,1.364093976916587
5,2016-01-24-118,1.0
6,2016-01-24-118,1.0
7,2016-01-24-118,3.792498499500431
8,2016-01-24-118,3.9566965338245366
9,2016-01-24-118,1.0
10,2016-01-24-118,1.0
11,2016-01-24-118,1.0
12,2016-01-24-118,1.7499027026384706
13,2016-01-24-118,1.0
14,2016-01-24-118,2.3333380120120744
15,2016-01-24-118,1.0
16,2016-01-24-118,1.0
17,2016-01-24-118,1.0
18,2016-01-24-118,1.0
19,2016-01-24-118,1.0
20,2016-01-24-118,1.6210514029761462
21,2016-01-24-118,1.4116557984497649
22,2016-01-24-118,10.233681464625851
23,2016-01-24-118,3.9521444637473704
24,2016-01-24-118,2.9073610261904594
25,2016-01-24-118,1.0
26,2016-01-24-118,1.0
27,2016-01-24-118,2.697315291303058
28,2016-01-24-118,3.532286374718438
29,2016-01-24-118,1.0
30,2016-01-24-118,1.0
31,2016-01-24-118,1.6242706274962635
32,2016-01-24-118,1.0
33,2016-01-24-118,1.0
34,2016-01-24-118,1.0
35,2016-01-24-118,1.0
36,2016-01-24-118,1.0
37,2016-01-24-118,1.7439582981028434
38,2016-01-24-118,1.0
39,2016-01-24-118,1.0
40,2016-01-24-118,1.0
41,2016-01-24-118,1.0
42,2016-01-24-118,1.2921652651825706
43,2016-01-24-118,1.0
44,2016-01-24-118,1.0
45,2016-01-24-118,1.0
46,2016-01-24-118,1.5992556172932941
47,2016-01-24-118,1.0
48,2016-01-24-118,3.110462767118995
49,2016-01-24-118,1.0
50,2016-01-24-118,1.0
51,2016-01-24-118,13.71090057870048
52,2016-01-24-118,1.0
53,2016-01-24-118,1.0
54,2016-01-24-118,1.0
55,2016-01-24-118,1.0
56,2016-01-24-118,1.0
57,2016-01-24-118,1.0
58,2016-01-24-118,1.0
59,2016-01-24-118,1.0
60,2016-01-24-118,1.0
61,2016-01-24-118,1.0
62,2016-01-24-118,1.0
63,2016-01-24-118,1.0
64,2016-01-24-118,1.0
65,2016-01-24-118,1.0
66,2016-01-24-118,1.0
1,2016-01-24-130,3.019946615431468
2,2016-01-24-130,1.0
3,2016-01-24-130,1.0
4,2016-01-24-130,7.483128863199479
5,2016-01-24-130,1.0
6,2016-01-24-130,1.0
7,2016-01-24-130,5.733319879091698
8,2016-01-24-130,24.97864914278379
9,2016-01-24-130,1.0
10,2016-01-24-130,1.0
11,2016-01-24-130,1.0
12,2016-01-24-130,2.4914274118673054
13,2016-01-24-130,1.0
14,2016-01-24-130,1.495463332799703
15,2016-01-24-130,1.0
16,2016-01-24-130,1.0
17,2016-01-24-130,1.0
18,2016-01-24-130,1.0
19,2016-01-24-130,1.0864771790116052
20,2016-01-24-130,1.3643710286987858
21,2016-01-24-130,1.023252010591207
22,2016-01-24-130,7.067477720068854
23,2016-01-24-130,141.86744019935205
24,2016-01-24-130,4.332189690052883
25,2016-01-24-130,1.0
26,2016-01-24-130,1.0
27,2016-01-24-130,2.838586621575855
28,2016-01-24-130,6.993566148657597
29,2016-01-24-130,1.0
30,2016-01-24-130,1.0
31,2016-01-24-130,1.0
32,2016-01-24-130,1.0
33,2016-01-24-130,1.0
34,2016-01-24-130,1.0
35,2016-01-24-130,1.0
36,2016-01-24-130,1.0
37,2016-01-24-130,5.301777212628399
38,2016-01-24-130,1.0
39,2016-01-24-130,1.0030343974867368
40,2016-01-24-130,1.0
41,2016-01-24-130,1.2527994775811186
42,2016-01-24-130,1.9455296045589978
43,2016-01-24-130,1.0
44,2016-01-24-130,1.0
45,2016-01-24-130,1.0
46,2016-01-24-130,2.3945869709681276
47,2016-01-24-130,1.0
48,2016-01-24-130,21.513299556460264
49,2016-01-24-130,1.0
50,2016-01-24-130,1.0
51,2016-01-24-130,560.3993714984721
52,2016-01-24-130,1.0
53,2016-01-24-130,1.0
54,2016-01-24-130,1.0
55,2016-01-24-130,1.0
56,2016-01-24-130,1.0
57,2016-01-24-130,1.0
58,2016-01-24-130,1.0
59,2016-01-24-130,1.0
60,2016-01-24-130,1.0
61,2016-01-24-130,1.0
62,2016-01-24-130,1.0
63,2016-01-24-130,1.0
64,2016-01-24-130,1.0
65,2016-01-24-130,1.0
66,2016-01-24-130,1.0
1,2016-01-24-142,3.3814428594647965
2,2016-01-24-142,1.0
3,2016-01-24-142,1.0
4,2016-01-24-142,1.0
5,2016-01-24-142,1.0
6,2016-01-24-142,1.0
7,2016-01-24-142,2.4584808713212047
8,2016-01-24-142,2.60554776396594
9,2016-01-24-142,1.0
10,2016-01-24-142,1.0
11,2016-01-24-142,1.0
12,2016-01-24-142,1.6458137535797976
13,2016-01-24-142,1.0
14,2016-01-24-142,2.3221422527090674
15,2016-01-24-142,1.0
16,2016-01-24-142,1.0
17,2016-01-24-142,1.0
18,2016-01-24-142,3.8874514810116136
19,2016-01-24-142,1.0
20,2016-01-24-142,2.0912536577189815
21,2016-01-24-142,1.0
22,2016-01-24-142,4.156084670478374
23,2016-01-24-142,7.742462533235049
24,2016-01-24-142,1.6633276819887877
25,2016-01-24-142,1.0
26,2016-01-24-142,1.0
27,2016-01-24-142,3.680464683621741
28,2016-01-24-142,11.280078043830333
29,2016-01-24-142,1.0
30,2016-01-24-142,1.0
31,2016-01-24-142,1.41762507186795
32,2016-01-24-142,1.0
33,2016-01-24-142,1.0
34,2016-01-24-142,1.0
35,2016-01-24-142,1.0
36,2016-01-24-142,1.0
37,2016-01-24-142,1.6798740200691693
38,2016-01-24-142,1.0
39,2016-01-24-142,1.0
40,2016-01-24-142,1.0
41,2016-01-24-142,1.0
42,2016-01-24-142,1.0
43,2016-01-24-142,1.0
44,2016-01-24-142,1.0
45,2016-01-24-142,1.0
46,2016-01-24-142,1.2649924918317854
47,2016-01-24-142,1.0
48,2016-01-24-142,7.588682758980602
49,2016-01-24-142,1.0
50,2016-01-24-142,1.0
51,2016-01-24-142,21.591342279449368
52,2016-01-24-142,1.0
53,2016-01-24-142,1.0
54,2016-01-24-142,1.0
55,2016-01-24-142,1.0
56,2016-01-24-142,1.0
57,2016-01-24-142,1.0
58,2016-01-24-142,1.0
59,2016-01-24-142,1.0
60,2016-01-24-142,1.0
61,2016-01-24-142,1.0
62,2016-01-24-142,1.0
63,2016-01-24-142,1.0
64,2016-01-24-142,1.0
65,2016-01-24-142,1.0
66,2016-01-24-142,1.0
1,2016-01-26-46,1.0239359503998702
2,2016-01-26-46,1.0
3,2016-01-26-46,1.0
4,2016-01-26-46,1.944022401806075
5,2016-01-26-46,1.0
6,2016-01-26-46,1.048086967073646
7,2016-01-26-46,30.9433217359763
8,2016-01-26-46,355.1779205321528
9,2016-01-26-46,1.0
10,2016-01-26-46,1.0
11,2016-01-26-46,1.0
12,2016-01-26-46,1.748556290186182
13,2016-01-26-46,1.0
14,2016-01-26-46,18.316220899099342
15,2016-01-26-46,1.0
16,2016-01-26-46,1.0
17,2016-01-26-46,1.0
18,2016-01-26-46,1.0
19,2016-01-26-46,1.0
20,2016-01-26-46,1.2732332088343132
21,2016-01-26-46,1.0458704956776386
22,2016-01-26-46,3.7847776454390134
23,2016-01-26-46,243.855082935643
24,2016-01-26-46,6.861546379769991
25,2016-01-26-46,1.0
26,2016-01-26-46,4.070606885916308
27,2016-01-26-46,6.739872048955211
28,2016-01-26-46,2.4728368622631183
29,2016-01-26-46,1.0
30,2016-01-26-46,1.0
31,2016-01-26-46,1.3204218567957753
32,2016-01-26-46,1.0
33,2016-01-26-46,1.0
34,2016-01-26-46,1.0
35,2016-01-26-46,1.0
36,2016-01-26-46,1.0
37,2016-01-26-46,47.14877469592839
38,2016-01-26-46,1.0
39,2016-01-26-46,1.0
40,2016-01-26-46,1.0
41,2016-01-26-46,1.0
42,2016-01-26-46,1.0
43,2016-01-26-46,1.0
44,2016-01-26-46,3.281623610232794
45,2016-01-26-46,1.0
46,2016-01-26-46,45.664377163286005
47,2016-01-26-46,1.0
48,2016-01-26-46,4.236996801350272
49,2016-01-26-46,1.0
50,2016-01-26-46,1.0
51,2016-01-26-46,5.989109694696696
52,2016-01-26-46,1.0
53,2016-01-26-46,1.0
54,2016-01-26-46,1.0
55,2016-01-26-46,1.0
56,2016-01-26-46,1.0
57,2016-01-26-46,1.0
58,2016-01-26-46,1.0
59,2016-01-26-46,9.064513234502003
60,2016-01-26-46,1.0
61,2016-01-26-46,1.0
62,2016-01-26-46,1.0
63,2016-01-26-46,1.0
64,2016-01-26-46,1.0
65,2016-01-26-46,1.0
66,2016-01-26-46,1.0
1,2016-01-26-58,3.0697462632022856
2,2016-01-26-58,1.0
3,2016-01-26-58,1.0
4,2016-01-26-58,27.124526745634768
5,2016-01-26-58,1.0
6,2016-01-26-58,14.678712090664213
7,2016-01-26-58,15.145090846158924
8,2016-01-26-58,264.1422431975521
9,2016-01-26-58,12.248743774834455
10,2016-01-26-58,1.0
11,2016-01-26-58,1.2287576409827596
12,2016-01-26-58,4.475206260685369
13,2016-01-26-58,6.780454662909745
14,2016-01-26-58,21.862651819127326
15,2016-01-26-58,1.0
16,2016-01-26-58,4.875547895340665
17,2016-01-26-58,1.2289377815828806
18,2016-01-26-58,1.0
19,2016-01-26-58,1.0437984782999412
20,2016-01-26-58,4.280227926342067
21,2016-01-26-58,1.0
22,2016-01-26-58,5.354590177780538
23,2016-01-26-58,205.83908209378097
24,2016-01-26-58,104.07220740480794
25,2016-01-26-58,18.927829552246678
26,2016-01-26-58,21.082847618146232
27,2016-01-26-58,5.0360694501957886
28,2016-01-26-58,3.999159566566164
29,2016-01-26-58,2.0263107009606034
30,2016-01-26-58,1.0
31,2016-01-26-58,4.042424270185787
32,2016-01-26-58,1.0
33,2016-01-26-58,1.0
34,2016-01-26-58,1.0
35,2016-01-26-58,1.0
36,2016-01-26-58,1.0
37,2016-01-26-58,218.89814847154582
38,2016-01-26-58,3.8889588078052015
39,2016-01-26-58,1.0
40,2016-01-26-58,1.0
41,2016-01-26-58,4.900812053938044
42,2016-01-26-58,2.4055502291026314
43,2016-01-26-58,1.0
44,2016-01-26-58,1.0
45,2016-01-26-58,1.0
46,2016-01-26-58,117.60749242429097
47,2016-01-26-58,1.3951057273633867
48,2016-01-26-58,4.874082718667583
49,2016-01-26-58,1.0
50,2016-01-26-58,1.0
51,2016-01-26-58,14.648373611875765
52,2016-01-26-58,1.0
53,2016-01-26-58,2.8284869254781144
54,2016-01-26-58,1.0
55,2016-01-26-58,1.0
56,2016-01-26-58,1.0
57,2016-01-26-58,1.0
58,2016-01-26-58,1.0
59,2016-01-26-58,1.0
60,2016-01-26-58,1.0
61,2016-01-26-58,1.0
62,2016-01-26-58,1.0
63,2016-01-26-58,1.0
64,2016-01-26-58,1.0
65,2016-01-26-58,1.0
66,2016-01-26-58,1.0
1,2016-01-26-70,2.4782471255564666
2,2016-01-26-70,1.0
3,2016-01-26-70,1.0
4,2016-01-26-70,4.6977938953314915
5,2016-01-26-70,1.0
6,2016-01-26-70,1.281183152410186
7,2016-01-26-70,10.049834653701367
8,2016-01-26-70,48.194116087250485
9,2016-01-26-70,3.019434034239236
10,2016-01-26-70,1.0
11,2016-01-26-70,1.2384363097661228
12,2016-01-26-70,17.951151582955823
13,2016-01-26-70,1.6425223503473
14,2016-01-26-70,9.842725399109227
15,2016-01-26-70,1.0
16,2016-01-26-70,1.0
17,2016-01-26-70,1.0
18,2016-01-26-70,1.0
19,2016-01-26-70,5.078424648298867
20,2016-01-26-70,6.46831684641429
21,2016-01-26-70,1.060706368395729
22,2016-01-26-70,6.4783652305217485
23,2016-01-26-70,137.01967133696476
24,2016-01-26-70,17.296549379455495
25,2016-01-26-70,1.0
26,2016-01-26-70,1.2696245668183608
27,2016-01-26-70,7.344019365797348
28,2016-01-26-70,8.499742782847107
29,2016-01-26-70,5.014546206507172
30,2016-01-26-70,1.0
31,2016-01-26-70,2.3335105879032225
32,2016-01-26-70,1.0
33,2016-01-26-70,1.0
34,2016-01-26-70,1.0
35,2016-01-26-70,1.0
36,2016-01-26-70,1.0
37,2016-01-26-70,37.27875839460463
38,2016-01-26-70,1.0
39,2016-01-26-70,1.0
40,2016-01-26-70,1.0
41,2016-01-26-70,2.2959127324961814
42,2016-01-26-70,11.762294480854022
43,2016-01-26-70,1.0
44,2016-01-26-70,1.0
45,2016-01-26-70,1.0
46,2016-01-26-70,21.18452571557328
47,2016-01-26-70,1.4935912235438014
48,2016-01-26-70,18.760367429344857
49,2016-01-26-70,1.0
50,2016-01-26-70,1.0
51,2016-01-26-70,108.18041851089622
52,2016-01-26-70,1.0
53,2016-01-26-70,1.0
54,2016-01-26-70,1.0
55,2016-01-26-70,1.0
56,2016-01-26-70,1.0
57,2016-01-26-70,1.0
58,2016-01-26-70,1.0
59,2016-01-26-70,1.0
60,2016-01-26-70,1.0
61,2016-01-26-70,1.0
62,2016-01-26-70,1.0
63,2016-01-26-70,1.0
64,2016-01-26-70,1.0
65,2016-01-26-70,1.0
66,2016-01-26-70,1.0
1,2016-01-26-82,2.0934337081590413
2,2016-01-26-82,1.0
3,2016-01-26-82,1.0
4,2016-01-26-82,5.16695048266482
5,2016-01-26-82,1.0
6,2016-01-26-82,1.0
7,2016-01-26-82,40.38420856449861
8,2016-01-26-82,142.75068028412784
9,2016-01-26-82,1.5943169806049036
10,2016-01-26-82,1.0
11,2016-01-26-82,1.0
12,2016-01-26-82,1.3061211423603871
13,2016-01-26-82,1.0
14,2016-01-26-82,23.735513071344265
15,2016-01-26-82,1.0
16,2016-01-26-82,1.0
17,2016-01-26-82,1.0
18,2016-01-26-82,1.0
19,2016-01-26-82,1.0
20,2016-01-26-82,2.7197020075153384
21,2016-01-26-82,1.0
22,2016-01-26-82,4.00216062409576
23,2016-01-26-82,115.30343355253852
24,2016-01-26-82,22.751314681438476
25,2016-01-26-82,1.0
26,2016-01-26-82,2.8176763907726636
27,2016-01-26-82,4.508306566137272
28,2016-01-26-82,3.5825447678235673
29,2016-01-26-82,4.634553283292909
30,2016-01-26-82,1.0
31,2016-01-26-82,1.0
32,2016-01-26-82,1.0
33,2016-01-26-82,1.0
34,2016-01-26-82,1.0
35,2016-01-26-82,1.0
36,2016-01-26-82,1.0
37,2016-01-26-82,40.70671611360216
38,2016-01-26-82,1.0001842667988199
39,2016-01-26-82,1.0
40,2016-01-26-82,1.9035444904657446
41,2016-01-26-82,1.0
42,2016-01-26-82,4.951541466938304
43,2016-01-26-82,1.0
44,2016-01-26-82,1.0
45,2016-01-26-82,1.0
46,2016-01-26-82,19.678166951634964
47,2016-01-26-82,1.0
48,2016-01-26-82,119.2526378267782
49,2016-01-26-82,1.0
50,2016-01-26-82,1.0
51,2016-01-26-82,175.9925290591333
52,2016-01-26-82,1.0
53,2016-01-26-82,1.644650668509773
54,2016-01-26-82,1.0
55,2016-01-26-82,1.0
56,2016-01-26-82,1.0
57,2016-01-26-82,1.0
58,2016-01-26-82,1.0
59,2016-01-26-82,1.0
60,2016-01-26-82,1.0
61,2016-01-26-82,1.0
62,2016-01-26-82,1.0
63,2016-01-26-82,1.0
64,2016-01-26-82,1.0
65,2016-01-26-82,1.0
66,2016-01-26-82,1.0
1,2016-01-26-94,2.669776553590141
2,2016-01-26-94,1.0
3,2016-01-26-94,1.0
4,2016-01-26-94,1.2697397158885326
5,2016-01-26-94,1.0
6,2016-01-26-94,1.0
7,2016-01-26-94,41.42967306446724
8,2016-01-26-94,173.2386896523974
9,2016-01-26-94,1.5236883177679037
10,2016-01-26-94,1.0
11,2016-01-26-94,1.0
12,2016-01-26-94,2.3062468848884796
13,2016-01-26-94,1.0
14,2016-01-26-94,13.733914519738132
15,2016-01-26-94,1.0
16,2016-01-26-94,1.0
17,2016-01-26-94,1.0
18,2016-01-26-94,1.0
19,2016-01-26-94,1.0
20,2016-01-26-94,1.7985645398229706
21,2016-01-26-94,1.0
22,2016-01-26-94,9.08549849657483
23,2016-01-26-94,170.88796750519623
24,2016-01-26-94,7.045777059231338
25,2016-01-26-94,1.0
26,2016-01-26-94,1.9624846604001196
27,2016-01-26-94,3.5980685693421552
28,2016-01-26-94,3.766879055439088
29,2016-01-26-94,1.0
30,2016-01-26-94,1.0
31,2016-01-26-94,1.0
32,2016-01-26-94,1.0
33,2016-01-26-94,1.0
34,2016-01-26-94,1.0
35,2016-01-26-94,1.0
36,2016-01-26-94,1.0
37,2016-01-26-94,34.094302451945545
38,2016-01-26-94,1.0
39,2016-01-26-94,1.0
40,2016-01-26-94,1.0
41,2016-01-26-94,1.0
42,2016-01-26-94,2.8004942937811292
43,2016-01-26-94,1.0
44,2016-01-26-94,1.0
45,2016-01-26-94,1.0
46,2016-01-26-94,1.6877743703906742
47,2016-01-26-94,1.0
48,2016-01-26-94,141.40572539918313
49,2016-01-26-94,1.0
50,2016-01-26-94,1.0
51,2016-01-26-94,238.22596814872924
52,2016-01-26-94,1.0
53,2016-01-26-94,1.0
54,2016-01-26-94,1.0
55,2016-01-26-94,1.0
56,2016-01-26-94,1.0
57,2016-01-26-94,1.0
58,2016-01-26-94,1.0
59,2016-01-26-94,1.0
60,2016-01-26-94,1.0
61,2016-01-26-94,1.0
62,2016-01-26-94,1.0
63,2016-01-26-94,1.0
64,2016-01-26-94,1.0
65,2016-01-26-94,1.0
66,2016-01-26-94,1.0
1,2016-01-26-106,2.6333308025226017
2,2016-01-26-106,1.0
3,2016-01-26-106,1.0
4,2016-01-26-106,1.0527050046690982
5,2016-01-26-106,1.0
6,2016-01-26-106,1.008392185542953
7,2016-01-26-106,174.6295621520674
8,2016-01-26-106,48.19862869952258
9,2016-01-26-106,1.0
10,2016-01-26-106,1.0
11,2016-01-26-106,1.0
12,2016-01-26-106,4.786965090889205
13,2016-01-26-106,1.0
14,2016-01-26-106,21.862651819127326
15,2016-01-26-106,1.0
16,2016-01-26-106,1.0
17,2016-01-26-106,1.0
18,2016-01-26-106,1.1659687495374367
19,2016-01-26-106,1.0
20,2016-01-26-106,2.405541001965279
21,2016-01-26-106,1.0
22,2016-01-26-106,10.886606055426663
23,2016-01-26-106,146.11455263133865
24,2016-01-26-106,1.3590709768273128
25,2016-01-26-106,1.0
26,2016-01-26-106,1.0
27,2016-01-26-106,4.508306566137272
28,2016-01-26-106,9.913610126274154
29,2016-01-26-106,3.4617469556978944
30,2016-01-26-106,1.0
31,2016-01-26-106,1.0
32,2016-01-26-106,1.0
33,2016-01-26-106,1.0
34,2016-01-26-106,1.0
35,2016-01-26-106,1.0
36,2016-01-26-106,1.0
37,2016-01-26-106,6.811505973437238
38,2016-01-26-106,1.0
39,2016-01-26-106,1.0
40,2016-01-26-106,1.0
41,2016-01-26-106,1.0
42,2016-01-26-106,1.0
43,2016-01-26-106,1.0
44,2016-01-26-106,1.0
45,2016-01-26-106,1.0
46,2016-01-26-106,1.6788714306869101
47,2016-01-26-106,1.0
48,2016-01-26-106,292.43320525537126
49,2016-01-26-106,1.0
50,2016-01-26-106,1.0
51,2016-01-26-106,579.1615942906877
52,2016-01-26-106,1.0
53,2016-01-26-106,1.0
54,2016-01-26-106,1.0
55,2016-01-26-106,1.0
56,2016-01-26-106,1.0
57,2016-01-26-106,1.0
58,2016-01-26-106,1.0
59,2016-01-26-106,1.0
60,2016-01-26-106,1.0
61,2016-01-26-106,1.0
62,2016-01-26-106,1.0
63,2016-01-26-106,1.0
64,2016-01-26-106,1.0
65,2016-01-26-106,1.0
66,2016-01-26-106,1.0
1,2016-01-26-118,2.393673620511102
2,2016-01-26-118,1.0
3,2016-01-26-118,1.0
4,2016-01-26-118,1.129937082529907
5,2016-01-26-118,1.0
6,2016-01-26-118,1.0
7,2016-01-26-118,29.858904325109666
8,2016-01-26-118,8.11160625854364
9,2016-01-26-118,1.0
10,2016-01-26-118,1.0
11,2016-01-26-118,1.0
12,2016-01-26-118,1.165528263375684
13,2016-01-26-118,1.0
14,2016-01-26-118,1.5022810754736318
15,2016-01-26-118,1.0
16,2016-01-26-118,1.0
17,2016-01-26-118,1.0
18,2016-01-26-118,1.0
19,2016-01-26-118,1.0
20,2016-01-26-118,3.037910483028143
21,2016-01-26-118,1.0
22,2016-01-26-118,7.430651290810892
23,2016-01-26-118,9.381254486036088
24,2016-01-26-118,1.3070972218026151
25,2016-01-26-118,1.0
26,2016-01-26-118,4.617949109230557
27,2016-01-26-118,2.3829126744132827
28,2016-01-26-118,3.180527852291458
29,2016-01-26-118,1.0
30,2016-01-26-118,1.0
31,2016-01-26-118,1.0
32,2016-01-26-118,1.0
33,2016-01-26-118,1.0
34,2016-01-26-118,1.0
35,2016-01-26-118,1.9359193586329622
36,2016-01-26-118,1.0
37,2016-01-26-118,2.5974820489810284
38,2016-01-26-118,1.0
39,2016-01-26-118,1.0
40,2016-01-26-118,1.0
41,2016-01-26-118,1.0
42,2016-01-26-118,1.0
43,2016-01-26-118,1.0
44,2016-01-26-118,1.0
45,2016-01-26-118,1.0
46,2016-01-26-118,1.9127777887181185
47,2016-01-26-118,1.0
48,2016-01-26-118,4.93113732514563
49,2016-01-26-118,1.0
50,2016-01-26-118,1.0
51,2016-01-26-118,28.128024938795573
52,2016-01-26-118,1.0
53,2016-01-26-118,1.0
54,2016-01-26-118,1.0
55,2016-01-26-118,1.0
56,2016-01-26-118,1.0
57,2016-01-26-118,1.0
58,2016-01-26-118,1.0
59,2016-01-26-118,1.0
60,2016-01-26-118,1.0
61,2016-01-26-118,1.0
62,2016-01-26-118,1.0
63,2016-01-26-118,1.0
64,2016-01-26-118,1.0
65,2016-01-26-118,1.0
66,2016-01-26-118,1.0
1,2016-01-26-130,3.3884671016970294
2,2016-01-26-130,1.0
3,2016-01-26-130,1.0
4,2016-01-26-130,4.933465655082134
5,2016-01-26-130,1.0
6,2016-01-26-130,1.0
7,2016-01-26-130,47.21425228993472
8,2016-01-26-130,125.69848912681506
9,2016-01-26-130,1.0
10,2016-01-26-130,1.0
11,2016-01-26-130,1.0
12,2016-01-26-130,2.811779994979025
13,2016-01-26-130,1.0
14,2016-01-26-130,4.080162669695657
15,2016-01-26-130,1.0
16,2016-01-26-130,1.0
17,2016-01-26-130,1.0
18,2016-01-26-130,1.0
19,2016-01-26-130,1.0
20,2016-01-26-130,4.315417947046234
21,2016-01-26-130,1.0
22,2016-01-26-130,7.358162244005141
23,2016-01-26-130,22.52915137969398
24,2016-01-26-130,1.0118225402892993
25,2016-01-26-130,1.0
26,2016-01-26-130,14.157245385156745
27,2016-01-26-130,4.866848581315156
28,2016-01-26-130,11.186349906979643
29,2016-01-26-130,1.0
30,2016-01-26-130,1.0
31,2016-01-26-130,1.0
32,2016-01-26-130,1.0
33,2016-01-26-130,1.0
34,2016-01-26-130,1.0
35,2016-01-26-130,1.0
36,2016-01-26-130,1.0
37,2016-01-26-130,12.671498406169187
38,2016-01-26-130,1.0
39,2016-01-26-130,1.0
40,2016-01-26-130,1.0
41,2016-01-26-130,1.0
42,2016-01-26-130,1.6668144500431692
43,2016-01-26-130,1.0
44,2016-01-26-130,1.0
45,2016-01-26-130,1.0
46,2016-01-26-130,3.2103239084787987
47,2016-01-26-130,1.0
48,2016-01-26-130,34.55170370963896
49,2016-01-26-130,1.0
50,2016-01-26-130,1.0
51,2016-01-26-130,560.3993714984721
52,2016-01-26-130,1.0
53,2016-01-26-130,1.0
54,2016-01-26-130,1.0
55,2016-01-26-130,1.0
56,2016-01-26-130,1.0
57,2016-01-26-130,1.0
58,2016-01-26-130,1.0
59,2016-01-26-130,1.0
60,2016-01-26-130,1.0
61,2016-01-26-130,1.0
62,2016-01-26-130,1.0
63,2016-01-26-130,1.0
64,2016-01-26-130,1.0
65,2016-01-26-130,1.0
66,2016-01-26-130,1.0
1,2016-01-26-142,2.6448152518197765
2,2016-01-26-142,1.0
3,2016-01-26-142,1.0
4,2016-01-26-142,1.0
5,2016-01-26-142,1.0
6,2016-01-26-142,1.0
7,2016-01-26-142,2.4376121358730525
8,2016-01-26-142,5.414030687458864
9,2016-01-26-142,1.0
10,2016-01-26-142,1.0
11,2016-01-26-142,1.0
12,2016-01-26-142,6.572780051283645
13,2016-01-26-142,1.0
14,2016-01-26-142,1.442896973374073
15,2016-01-26-142,1.0
16,2016-01-26-142,1.0
17,2016-01-26-142,1.0
18,2016-01-26-142,1.0
19,2016-01-26-142,1.2667665634878187
20,2016-01-26-142,1.465290183573786
21,2016-01-26-142,1.0
22,2016-01-26-142,2.552018139659012
23,2016-01-26-142,5.989615663908781
24,2016-01-26-142,1.0300437988577016
25,2016-01-26-142,1.0
26,2016-01-26-142,1.2587902045038055
27,2016-01-26-142,2.2706140930016803
28,2016-01-26-142,4.628778113922576
29,2016-01-26-142,1.0
30,2016-01-26-142,1.0
31,2016-01-26-142,1.0
32,2016-01-26-142,1.0
33,2016-01-26-142,1.0
34,2016-01-26-142,1.0
35,2016-01-26-142,1.0
36,2016-01-26-142,1.0
37,2016-01-26-142,1.6953629841042313
38,2016-01-26-142,1.0
39,2016-01-26-142,1.0
40,2016-01-26-142,1.0
41,2016-01-26-142,1.0
42,2016-01-26-142,1.239485694885589
43,2016-01-26-142,1.0
44,2016-01-26-142,1.0
45,2016-01-26-142,1.0
46,2016-01-26-142,1.345338602738304
47,2016-01-26-142,1.0
48,2016-01-26-142,9.77452829421527
49,2016-01-26-142,1.0
50,2016-01-26-142,1.0
51,2016-01-26-142,34.12694178212708
52,2016-01-26-142,1.0
53,2016-01-26-142,1.0
54,2016-01-26-142,1.0
55,2016-01-26-142,1.0
56,2016-01-26-142,1.0
57,2016-01-26-142,1.0
58,2016-01-26-142,1.0
59,2016-01-26-142,1.0
60,2016-01-26-142,1.0
61,2016-01-26-142,1.0
62,2016-01-26-142,1.0
63,2016-01-26-142,1.0
64,2016-01-26-142,1.0
65,2016-01-26-142,1.0
66,2016-01-26-142,1.0
1,2016-01-28-58,2.6004831020626678
2,2016-01-28-58,1.0
3,2016-01-28-58,1.0
4,2016-01-28-58,31.75990739695697
5,2016-01-28-58,1.3134933689390789
6,2016-01-28-58,12.324629840529582
7,2016-01-28-58,19.390205236959755
8,2016-01-28-58,263.24750670364335
9,2016-01-28-58,3.350318210081687
10,2016-01-28-58,1.0
11,2016-01-28-58,1.0
12,2016-01-28-58,2.8474362841857648
13,2016-01-28-58,1.0
14,2016-01-28-58,21.862651819127326
15,2016-01-28-58,1.0
16,2016-01-28-58,3.8395078355960726
17,2016-01-28-58,1.0
18,2016-01-28-58,1.5186561519920632
19,2016-01-28-58,1.0
20,2016-01-28-58,2.4681725323776673
21,2016-01-28-58,1.3378859319820695
22,2016-01-28-58,4.105306468546789
23,2016-01-28-58,217.0162733080932
24,2016-01-28-58,106.90685505789376
25,2016-01-28-58,19.23854504833182
26,2016-01-28-58,5.972689181507728
27,2016-01-28-58,5.220403737811309
28,2016-01-28-58,3.697522819554248
29,2016-01-28-58,1.6355394549500266
30,2016-01-28-58,1.0
31,2016-01-28-58,1.7242706274962636
32,2016-01-28-58,1.0
33,2016-01-28-58,1.0
34,2016-01-28-58,1.0
35,2016-01-28-58,1.0
36,2016-01-28-58,1.0
37,2016-01-28-58,210.4318969430515
38,2016-01-28-58,1.6471180004215447
39,2016-01-28-58,1.0
40,2016-01-28-58,1.4791519861043594
41,2016-01-28-58,1.0
42,2016-01-28-58,4.906925838952265
43,2016-01-28-58,1.0
44,2016-01-28-58,1.0
45,2016-01-28-58,1.0
46,2016-01-28-58,122.10535813142414
47,2016-01-28-58,1.0
48,2016-01-28-58,5.55429838696664
49,2016-01-28-58,1.0
50,2016-01-28-58,1.0
51,2016-01-28-58,24.882785490321748
52,2016-01-28-58,1.0
53,2016-01-28-58,5.394317113410049
54,2016-01-28-58,1.0
55,2016-01-28-58,1.0
56,2016-01-28-58,1.0
57,2016-01-28-58,1.0
58,2016-01-28-58,1.4052972440820195
59,2016-01-28-58,1.0
60,2016-01-28-58,1.0
61,2016-01-28-58,1.0
62,2016-01-28-58,1.0
63,2016-01-28-58,1.0
64,2016-01-28-58,1.0
65,2016-01-28-58,1.0
66,2016-01-28-58,1.0
1,2016-01-28-70,1.7941131695560495
2,2016-01-28-70,1.0
3,2016-01-28-70,1.0
4,2016-01-28-70,1.0
5,2016-01-28-70,1.0
6,2016-01-28-70,1.0
7,2016-01-28-70,8.865873210259794
8,2016-01-28-70,36.85339140036046
9,2016-01-28-70,1.0
10,2016-01-28-70,1.0
11,2016-01-28-70,1.0
12,2016-01-28-70,1.0885957825239883
13,2016-01-28-70,1.0
14,2016-01-28-70,5.383515628769581
15,2016-01-28-70,1.0
16,2016-01-28-70,1.0
17,2016-01-28-70,1.0
18,2016-01-28-70,1.0
19,2016-01-28-70,1.0
20,2016-01-28-70,1.0714104915073461
21,2016-01-28-70,1.0
22,2016-01-28-70,4.330086633762606
23,2016-01-28-70,142.36907224014828
24,2016-01-28-70,10.785103129336164
25,2016-01-28-70,1.0
26,2016-01-28-70,1.708536170936108
27,2016-01-28-70,4.722178246716077
28,2016-01-28-70,2.5044503522226793
29,2016-01-28-70,4.069645419006323
30,2016-01-28-70,1.0
31,2016-01-28-70,1.0
32,2016-01-28-70,1.0
33,2016-01-28-70,1.0020499550943551
34,2016-01-28-70,1.0
35,2016-01-28-70,1.0
36,2016-01-28-70,1.0
37,2016-01-28-70,12.744312638435472
38,2016-01-28-70,1.0
39,2016-01-28-70,1.0
40,2016-01-28-70,1.0
41,2016-01-28-70,1.0
42,2016-01-28-70,4.58407795536994
43,2016-01-28-70,1.0
44,2016-01-28-70,1.0
45,2016-01-28-70,1.0
46,2016-01-28-70,4.804578776153236
47,2016-01-28-70,2.2093249582925947
48,2016-01-28-70,5.390066382299362
49,2016-01-28-70,1.0
50,2016-01-28-70,1.0
51,2016-01-28-70,181.41700735648752
52,2016-01-28-70,1.0
53,2016-01-28-70,1.0
54,2016-01-28-70,1.0
55,2016-01-28-70,1.0
56,2016-01-28-70,1.0
57,2016-01-28-70,1.0
58,2016-01-28-70,1.0
59,2016-01-28-70,1.0
60,2016-01-28-70,1.0
61,2016-01-28-70,1.0
62,2016-01-28-70,1.0
63,2016-01-28-70,1.0
64,2016-01-28-70,1.0
65,2016-01-28-70,1.0
66,2016-01-28-70,1.0
1,2016-01-28-82,2.022947797548491
2,2016-01-28-82,1.0
3,2016-01-28-82,1.0
4,2016-01-28-82,2.781190680917977
5,2016-01-28-82,1.0
6,2016-01-28-82,1.7465389089363759
7,2016-01-28-82,9.531613784820737
8,2016-01-28-82,48.32024275356786
9,2016-01-28-82,1.0
10,2016-01-28-82,1.0
11,2016-01-28-82,1.0
12,2016-01-28-82,2.2853282434548063
13,2016-01-28-82,1.0
14,2016-01-28-82,1.7552143153870525
15,2016-01-28-82,1.0
16,2016-01-28-82,3.272814644637911
17,2016-01-28-82,1.0
18,2016-01-28-82,1.0
19,2016-01-28-82,1.0
20,2016-01-28-82,1.0620531887622273
21,2016-01-28-82,1.0
22,2016-01-28-82,4.447938158158284
23,2016-01-28-82,25.67591836481658
24,2016-01-28-82,21.189171797070575
25,2016-01-28-82,1.0
26,2016-01-28-82,4.90874472491435
27,2016-01-28-82,4.673804124692313
28,2016-01-28-82,2.5721546933005777
29,2016-01-28-82,3.610519002448983
30,2016-01-28-82,1.0
31,2016-01-28-82,1.0994180595970255
32,2016-01-28-82,1.0
33,2016-01-28-82,1.0
34,2016-01-28-82,1.0
35,2016-01-28-82,1.367496636259066
36,2016-01-28-82,1.0
37,2016-01-28-82,36.28039096079639
38,2016-01-28-82,1.0
39,2016-01-28-82,1.0
40,2016-01-28-82,2.061230994030544
41,2016-01-28-82,1.0
42,2016-01-28-82,1.0
43,2016-01-28-82,1.0
44,2016-01-28-82,1.0
45,2016-01-28-82,1.0
46,2016-01-28-82,3.7109927911508143
47,2016-01-28-82,1.7050136560086837
48,2016-01-28-82,4.268113332539172
49,2016-01-28-82,1.0
50,2016-01-28-82,1.0
51,2016-01-28-82,16.12216715546482
52,2016-01-28-82,1.0
53,2016-01-28-82,1.6535701633801585
54,2016-01-28-82,1.0
55,2016-01-28-82,1.0
56,2016-01-28-82,1.0
57,2016-01-28-82,1.0
58,2016-01-28-82,1.023901064883224
59,2016-01-28-82,1.0
60,2016-01-28-82,1.0
61,2016-01-28-82,1.0
62,2016-01-28-82,1.0
63,2016-01-28-82,1.0
64,2016-01-28-82,1.0
65,2016-01-28-82,1.0
66,2016-01-28-82,1.0
1,2016-01-28-94,2.217090364821187
2,2016-01-28-94,1.0
3,2016-01-28-94,1.0
4,2016-01-28-94,1.877418213231438
5,2016-01-28-94,1.0
6,2016-01-28-94,1.0
7,2016-01-28-94,37.411420192008435
8,2016-01-28-94,173.2386896523974
9,2016-01-28-94,1.0
10,2016-01-28-94,1.0
11,2016-01-28-94,1.0
12,2016-01-28-94,1.1140461171330456
13,2016-01-28-94,1.0
14,2016-01-28-94,11.566342382410713
15,2016-01-28-94,1.0
16,2016-01-28-94,1.0
17,2016-01-28-94,1.0
18,2016-01-28-94,1.0
19,2016-01-28-94,1.0
20,2016-01-28-94,1.2170972767986314
21,2016-01-28-94,1.0
22,2016-01-28-94,8.117699371574831
23,2016-01-28-94,170.88796750519623
24,2016-01-28-94,2.8219179354928503
25,2016-01-28-94,1.0
26,2016-01-28-94,1.3984713257013606
27,2016-01-28-94,3.9829118070318694
28,2016-01-28-94,4.293400005974301
29,2016-01-28-94,1.0
30,2016-01-28-94,1.0
31,2016-01-28-94,1.0
32,2016-01-28-94,1.0
33,2016-01-28-94,1.0
34,2016-01-28-94,1.0
35,2016-01-28-94,1.0
36,2016-01-28-94,1.0
37,2016-01-28-94,34.68249130881605
38,2016-01-28-94,1.0
39,2016-01-28-94,1.0
40,2016-01-28-94,1.0
41,2016-01-28-94,1.0
42,2016-01-28-94,1.5821043666754095
43,2016-01-28-94,1.0
44,2016-01-28-94,1.0
45,2016-01-28-94,1.0
46,2016-01-28-94,1.4519754764854678
47,2016-01-28-94,1.0
48,2016-01-28-94,128.45438812352174
49,2016-01-28-94,1.0
50,2016-01-28-94,1.0
51,2016-01-28-94,385.9634556612284
52,2016-01-28-94,1.0
53,2016-01-28-94,1.0
54,2016-01-28-94,1.0
55,2016-01-28-94,1.0
56,2016-01-28-94,1.0
57,2016-01-28-94,1.0
58,2016-01-28-94,1.0
59,2016-01-28-94,1.0
60,2016-01-28-94,1.0
61,2016-01-28-94,1.0
62,2016-01-28-94,1.0
63,2016-01-28-94,1.0
64,2016-01-28-94,1.0
65,2016-01-28-94,1.0
66,2016-01-28-94,1.0
1,2016-01-28-106,3.0638402629637844
2,2016-01-28-106,1.0
3,2016-01-28-106,1.0
4,2016-01-28-106,1.6860834216665872
5,2016-01-28-106,1.0
6,2016-01-28-106,1.0
7,2016-01-28-106,146.88890429992546
8,2016-01-28-106,48.06405165481822
9,2016-01-28-106,1.0
10,2016-01-28-106,1.0
11,2016-01-28-106,1.0
12,2016-01-28-106,2.939169863859659
13,2016-01-28-106,1.0
14,2016-01-28-106,18.033914519738143
15,2016-01-28-106,1.0
16,2016-01-28-106,1.0
17,2016-01-28-106,1.0
18,2016-01-28-106,1.0
19,2016-01-28-106,1.0
20,2016-01-28-106,1.7866360750010757
21,2016-01-28-106,1.0
22,2016-01-28-106,10.944533922225736
23,2016-01-28-106,205.83908209378097
24,2016-01-28-106,4.042426310924845
25,2016-01-28-106,1.0
26,2016-01-28-106,1.0
27,2016-01-28-106,7.683306922327822
28,2016-01-28-106,9.607475782847105
29,2016-01-28-106,1.0
30,2016-01-28-106,1.0
31,2016-01-28-106,1.0
32,2016-01-28-106,1.0
33,2016-01-28-106,1.0
34,2016-01-28-106,1.0
35,2016-01-28-106,1.0
36,2016-01-28-106,1.0
37,2016-01-28-106,22.270041894887637
38,2016-01-28-106,1.0
39,2016-01-28-106,1.0
40,2016-01-28-106,1.0
41,2016-01-28-106,1.0
42,2016-01-28-106,1.463439175935471
43,2016-01-28-106,1.0
44,2016-01-28-106,1.0
45,2016-01-28-106,1.0
46,2016-01-28-106,3.2044883085653497
47,2016-01-28-106,1.0
48,2016-01-28-106,163.4064847443576
49,2016-01-28-106,1.0
50,2016-01-28-106,1.0
51,2016-01-28-106,579.1615942906877
52,2016-01-28-106,1.0
53,2016-01-28-106,1.0
54,2016-01-28-106,1.0
55,2016-01-28-106,1.0
56,2016-01-28-106,1.0
57,2016-01-28-106,1.0
58,2016-01-28-106,1.0
59,2016-01-28-106,1.0
60,2016-01-28-106,1.0
61,2016-01-28-106,1.0
62,2016-01-28-106,1.0
63,2016-01-28-106,1.0
64,2016-01-28-106,1.0
65,2016-01-28-106,1.0
66,2016-01-28-106,1.0
1,2016-01-28-118,2.503285823786103
2,2016-01-28-118,1.0
3,2016-01-28-118,1.0
4,2016-01-28-118,5.155182555138715
5,2016-01-28-118,1.0
6,2016-01-28-118,1.0
7,2016-01-28-118,103.90664733351304
8,2016-01-28-118,42.920456287567724
9,2016-01-28-118,1.0
10,2016-01-28-118,1.0
11,2016-01-28-118,1.0
12,2016-01-28-118,1.362156973246464
13,2016-01-28-118,1.0
14,2016-01-28-118,3.5432658384403437
15,2016-01-28-118,1.0
16,2016-01-28-118,1.0
17,2016-01-28-118,1.0
18,2016-01-28-118,1.0
19,2016-01-28-118,1.0
20,2016-01-28-118,2.536153206495153
21,2016-01-28-118,1.2030159095385893
22,2016-01-28-118,5.719318295313683
23,2016-01-28-118,24.747835547119408
24,2016-01-28-118,1.4952627548609865
25,2016-01-28-118,1.0
26,2016-01-28-118,12.94874155064339
27,2016-01-28-118,5.003221749735855
28,2016-01-28-118,3.766879055439088
29,2016-01-28-118,1.0
30,2016-01-28-118,1.0
31,2016-01-28-118,1.0
32,2016-01-28-118,1.0
33,2016-01-28-118,1.0
34,2016-01-28-118,1.0
35,2016-01-28-118,5.842615178230707
36,2016-01-28-118,1.0
37,2016-01-28-118,5.301777212628399
38,2016-01-28-118,1.0
39,2016-01-28-118,1.0
40,2016-01-28-118,1.0
41,2016-01-28-118,1.0
42,2016-01-28-118,1.5615009819254533
43,2016-01-28-118,1.0
44,2016-01-28-118,1.0
45,2016-01-28-118,1.0
46,2016-01-28-118,2.339233339350229
47,2016-01-28-118,1.0
48,2016-01-28-118,12.840363041592367
49,2016-01-28-118,1.0
50,2016-01-28-118,1.0
51,2016-01-28-118,207.3858942715675
52,2016-01-28-118,1.0
53,2016-01-28-118,1.2435436522011791
54,2016-01-28-118,1.0
55,2016-01-28-118,1.0
56,2016-01-28-118,1.0
57,2016-01-28-118,1.0
58,2016-01-28-118,1.0
59,2016-01-28-118,1.0
60,2016-01-28-118,1.0
61,2016-01-28-118,1.0
62,2016-01-28-118,1.0
63,2016-01-28-118,1.0
64,2016-01-28-118,1.0
65,2016-01-28-118,1.0
66,2016-01-28-118,1.0
1,2016-01-28-130,3.0638402629637844
2,2016-01-28-130,1.0
3,2016-01-28-130,1.141723514059014
4,2016-01-28-130,14.61071535049985
5,2016-01-28-130,1.0
6,2016-01-28-130,1.0
7,2016-01-28-130,116.85812673898042
8,2016-01-28-130,204.20998449146055
9,2016-01-28-130,1.0
10,2016-01-28-130,1.0
11,2016-01-28-130,1.0
12,2016-01-28-130,2.565122194738948
13,2016-01-28-130,1.0
14,2016-01-28-130,14.04906859955927
15,2016-01-28-130,1.0
16,2016-01-28-130,1.0
17,2016-01-28-130,1.0
18,2016-01-28-130,1.0
19,2016-01-28-130,1.149121799404773
20,2016-01-28-130,21.087350799714436
21,2016-01-28-130,1.0789925541942307
22,2016-01-28-130,8.967646972179155
23,2016-01-28-130,37.97418771801116
24,2016-01-28-130,1.3665591699229154
25,2016-01-28-130,1.0
26,2016-01-28-130,5.7353230581889685
27,2016-01-28-130,2.444799707624746
28,2016-01-28-130,208.3692089918129
29,2016-01-28-130,1.0
30,2016-01-28-130,1.0
31,2016-01-28-130,1.0
32,2016-01-28-130,1.0
33,2016-01-28-130,1.0
34,2016-01-28-130,1.0
35,2016-01-28-130,1.7694004646886867
36,2016-01-28-130,1.0
37,2016-01-28-130,22.270041894887637
38,2016-01-28-130,1.0
39,2016-01-28-130,1.0
40,2016-01-28-130,1.0
41,2016-01-28-130,1.0
42,2016-01-28-130,1.2640620964378784
43,2016-01-28-130,1.0
44,2016-01-28-130,1.0
45,2016-01-28-130,1.0
46,2016-01-28-130,3.212101974755675
47,2016-01-28-130,1.0
48,2016-01-28-130,140.03349968032657
49,2016-01-28-130,1.0
50,2016-01-28-130,1.0
51,2016-01-28-130,492.52927917933386
52,2016-01-28-130,1.0
53,2016-01-28-130,1.0
54,2016-01-28-130,1.0
55,2016-01-28-130,1.0
56,2016-01-28-130,1.0
57,2016-01-28-130,1.0
58,2016-01-28-130,1.0
59,2016-01-28-130,1.0
60,2016-01-28-130,1.0
61,2016-01-28-130,1.0
62,2016-01-28-130,1.0
63,2016-01-28-130,1.0
64,2016-01-28-130,1.0
65,2016-01-28-130,1.0
66,2016-01-28-130,1.0
1,2016-01-28-142,7.57624535918269
2,2016-01-28-142,1.0
3,2016-01-28-142,1.0
4,2016-01-28-142,1.0
5,2016-01-28-142,1.0
6,2016-01-28-142,1.0
7,2016-01-28-142,9.124958701219008
8,2016-01-28-142,5.578666065603282
9,2016-01-28-142,1.0
10,2016-01-28-142,1.0
11,2016-01-28-142,1.0
12,2016-01-28-142,13.110596380774457
13,2016-01-28-142,1.0
14,2016-01-28-142,1.6228336833166974
15,2016-01-28-142,1.0
16,2016-01-28-142,1.0
17,2016-01-28-142,1.0
18,2016-01-28-142,1.0
19,2016-01-28-142,1.0
20,2016-01-28-142,1.0
21,2016-01-28-142,1.0
22,2016-01-28-142,6.905084027252477
23,2016-01-28-142,14.997921856540845
24,2016-01-28-142,1.0
25,2016-01-28-142,1.0
26,2016-01-28-142,1.0
27,2016-01-28-142,4.279356650535713
28,2016-01-28-142,2.602611875971679
29,2016-01-28-142,1.0
30,2016-01-28-142,1.0
31,2016-01-28-142,1.0
32,2016-01-28-142,1.0
33,2016-01-28-142,1.0
34,2016-01-28-142,1.0
35,2016-01-28-142,1.0
36,2016-01-28-142,1.0
37,2016-01-28-142,1.6953629841042313
38,2016-01-28-142,1.0
39,2016-01-28-142,1.0
40,2016-01-28-142,1.0
41,2016-01-28-142,1.0
42,2016-01-28-142,1.6668144500431692
43,2016-01-28-142,1.0
44,2016-01-28-142,1.0
45,2016-01-28-142,1.0
46,2016-01-28-142,1.83787143068691
47,2016-01-28-142,1.0
48,2016-01-28-142,9.819143922201308
49,2016-01-28-142,1.0
50,2016-01-28-142,1.0
51,2016-01-28-142,246.8906003166921
52,2016-01-28-142,1.0
53,2016-01-28-142,1.0
54,2016-01-28-142,1.0
55,2016-01-28-142,1.0
56,2016-01-28-142,1.0
57,2016-01-28-142,1.0069580407819343
58,2016-01-28-142,1.0
59,2016-01-28-142,1.0
60,2016-01-28-142,1.0
61,2016-01-28-142,1.0
62,2016-01-28-142,1.0
63,2016-01-28-142,1.0
64,2016-01-28-142,1.0
65,2016-01-28-142,1.0
66,2016-01-28-142,1.0
1,2016-01-30-46,10.830280666967678
2,2016-01-30-46,1.0
3,2016-01-30-46,1.0
4,2016-01-30-46,2.902410947051463
5,2016-01-30-46,1.0
6,2016-01-30-46,2.1115429310508897
7,2016-01-30-46,8.385356136086331
8,2016-01-30-46,22.66951803811376
9,2016-01-30-46,1.0
10,2016-01-30-46,1.0
11,2016-01-30-46,1.9122169578946848
12,2016-01-30-46,6.610172742119983
13,2016-01-30-46,1.0
14,2016-01-30-46,13.804418387554723
15,2016-01-30-46,1.0
16,2016-01-30-46,1.0
17,2016-01-30-46,1.0
18,2016-01-30-46,1.0
19,2016-01-30-46,1.0
20,2016-01-30-46,3.2224477379329644
21,2016-01-30-46,1.7701698750602943
22,2016-01-30-46,2.1457010130898855
23,2016-01-30-46,25.05855104320455
24,2016-01-30-46,13.16078138412275
25,2016-01-30-46,1.0
26,2016-01-30-46,4.573333481244519
27,2016-01-30-46,3.830203397392582
28,2016-01-30-46,13.44046499131704
29,2016-01-30-46,3.0616136767280415
30,2016-01-30-46,1.0
31,2016-01-30-46,1.0
32,2016-01-30-46,1.0
33,2016-01-30-46,1.0
34,2016-01-30-46,1.0
35,2016-01-30-46,1.0
36,2016-01-30-46,4.695575392678572
37,2016-01-30-46,12.744312638435472
38,2016-01-30-46,1.0
39,2016-01-30-46,1.0
40,2016-01-30-46,1.0
41,2016-01-30-46,1.0
42,2016-01-30-46,7.265813921994477
43,2016-01-30-46,1.0
44,2016-01-30-46,1.0
45,2016-01-30-46,1.0
46,2016-01-30-46,13.036365139967916
47,2016-01-30-46,1.0
48,2016-01-30-46,30.479679287890633
49,2016-01-30-46,1.0
50,2016-01-30-46,1.0
51,2016-01-30-46,22.69689663596144
52,2016-01-30-46,1.0
53,2016-01-30-46,1.0
54,2016-01-30-46,1.0
55,2016-01-30-46,1.0
56,2016-01-30-46,1.0
57,2016-01-30-46,1.0
58,2016-01-30-46,1.0
59,2016-01-30-46,1.0
60,2016-01-30-46,1.0
61,2016-01-30-46,1.0
62,2016-01-30-46,1.0
63,2016-01-30-46,1.0
64,2016-01-30-46,1.0
65,2016-01-30-46,1.0
66,2016-01-30-46,1.0
1,2016-01-30-58,2.0841685424591847
2,2016-01-30-58,1.0
3,2016-01-30-58,1.0
4,2016-01-30-58,1.0
5,2016-01-30-58,1.0
6,2016-01-30-58,1.0
7,2016-01-30-58,3.434953243649289
8,2016-01-30-58,32.64748022168708
9,2016-01-30-58,1.0
10,2016-01-30-58,1.0
11,2016-01-30-58,1.0
12,2016-01-30-58,1.0738745341486986
13,2016-01-30-58,1.0
14,2016-01-30-58,4.4221422944765685
15,2016-01-30-58,1.0
16,2016-01-30-58,1.0
17,2016-01-30-58,1.0
18,2016-01-30-58,1.0
19,2016-01-30-58,1.8225409063818425
20,2016-01-30-58,1.3730173548323052
21,2016-01-30-58,1.0
22,2016-01-30-58,5.069206281600054
23,2016-01-30-58,31.32199853821922
24,2016-01-30-58,7.0011614312453
25,2016-01-30-58,1.0
26,2016-01-30-58,3.6643752977184976
27,2016-01-30-58,4.72881618138048
28,2016-01-30-58,2.8456779475169047
29,2016-01-30-58,1.0
30,2016-01-30-58,1.0
31,2016-01-30-58,1.0
32,2016-01-30-58,1.0
33,2016-01-30-58,1.0
34,2016-01-30-58,1.0
35,2016-01-30-58,1.0
36,2016-01-30-58,1.0
37,2016-01-30-58,18.511808463315045
38,2016-01-30-58,1.3043522878255052
39,2016-01-30-58,1.0
40,2016-01-30-58,1.0
41,2016-01-30-58,1.0
42,2016-01-30-58,1.1081786684042048
43,2016-01-30-58,1.0
44,2016-01-30-58,1.0
45,2016-01-30-58,1.0
46,2016-01-30-58,102.74816908963817
47,2016-01-30-58,4.827354001706615
48,2016-01-30-58,2.3080747588695454
49,2016-01-30-58,1.0
50,2016-01-30-58,1.0
51,2016-01-30-58,6.407829752753164
52,2016-01-30-58,1.0
53,2016-01-30-58,1.0
54,2016-01-30-58,1.0
55,2016-01-30-58,1.0
56,2016-01-30-58,1.0
57,2016-01-30-58,1.0
58,2016-01-30-58,1.0
59,2016-01-30-58,1.0
60,2016-01-30-58,1.0
61,2016-01-30-58,1.0
62,2016-01-30-58,1.3765604144612766
63,2016-01-30-58,1.0
64,2016-01-30-58,1.0
65,2016-01-30-58,1.0
66,2016-01-30-58,1.0
1,2016-01-30-70,1.0
2,2016-01-30-70,1.0
3,2016-01-30-70,1.0
4,2016-01-30-70,2.583920654475492
5,2016-01-30-70,1.0
6,2016-01-30-70,1.0459216495635866
7,2016-01-30-70,15.090205236959735
8,2016-01-30-70,204.63205486483162
9,2016-01-30-70,1.0
10,2016-01-30-70,1.460681683634674
11,2016-01-30-70,1.0
12,2016-01-30-70,1.9482448281481264
13,2016-01-30-70,1.0
14,2016-01-30-70,9.268162658790668
15,2016-01-30-70,1.0
16,2016-01-30-70,1.0
17,2016-01-30-70,1.0
18,2016-01-30-70,1.0293204903229543
19,2016-01-30-70,1.0
20,2016-01-30-70,13.901965437245243
21,2016-01-30-70,1.0948468261938344
22,2016-01-30-70,7.112093348054892
23,2016-01-30-70,100.16977819167174
24,2016-01-30-70,23.20331573873037
25,2016-01-30-70,1.0
26,2016-01-30-70,4.755853124950808
27,2016-01-30-70,3.5102966186227675
28,2016-01-30-70,3.000379826691067
29,2016-01-30-70,5.120694620365216
30,2016-01-30-70,1.0
31,2016-01-30-70,1.0542815618648143
32,2016-01-30-70,1.0
33,2016-01-30-70,1.0
34,2016-01-30-70,1.0
35,2016-01-30-70,1.0
36,2016-01-30-70,1.0
37,2016-01-30-70,150.16053723785114
38,2016-01-30-70,1.0
39,2016-01-30-70,1.0
40,2016-01-30-70,1.0
41,2016-01-30-70,1.0
42,2016-01-30-70,6.9976937664783705
43,2016-01-30-70,1.0
44,2016-01-30-70,1.0
45,2016-01-30-70,1.0
46,2016-01-30-70,46.73061771301465
47,2016-01-30-70,1.9608934109256075
48,2016-01-30-70,3.231259593756821
49,2016-01-30-70,1.0
50,2016-01-30-70,1.0
51,2016-01-30-70,5.7654139802759445
52,2016-01-30-70,1.0
53,2016-01-30-70,1.0
54,2016-01-30-70,1.0
55,2016-01-30-70,1.0
56,2016-01-30-70,1.0
57,2016-01-30-70,1.0
58,2016-01-30-70,1.0
59,2016-01-30-70,1.0
60,2016-01-30-70,1.0
61,2016-01-30-70,1.0
62,2016-01-30-70,1.0
63,2016-01-30-70,1.0
64,2016-01-30-70,1.0
65,2016-01-30-70,1.0
66,2016-01-30-70,1.0
1,2016-01-30-82,2.3388377648972765
2,2016-01-30-82,1.0
3,2016-01-30-82,1.0
4,2016-01-30-82,3.4716810047666145
5,2016-01-30-82,1.0
6,2016-01-30-82,1.0
7,2016-01-30-82,37.013080306700644
8,2016-01-30-82,230.95141199601554
9,2016-01-30-82,1.0
10,2016-01-30-82,1.0
11,2016-01-30-82,1.0
12,2016-01-30-82,1.2907935745232746
13,2016-01-30-82,1.0
14,2016-01-30-82,26.22256991457497
15,2016-01-30-82,1.0
16,2016-01-30-82,1.7369084106201154
17,2016-01-30-82,1.0
18,2016-01-30-82,1.0
19,2016-01-30-82,1.0
20,2016-01-30-82,11.564298531925367
21,2016-01-30-82,1.8425197853746964
22,2016-01-30-82,5.490368379712124
23,2016-01-30-82,209.02554999192935
24,2016-01-30-82,35.21871475019359
25,2016-01-30-82,1.0
26,2016-01-30-82,14.171587163518392
27,2016-01-30-82,5.265019365797348
28,2016-01-30-82,6.644566148657597
29,2016-01-30-82,4.548745144182566
30,2016-01-30-82,1.0
31,2016-01-30-82,1.0
32,2016-01-30-82,1.0
33,2016-01-30-82,1.0
34,2016-01-30-82,1.0
35,2016-01-30-82,1.0
36,2016-01-30-82,1.0
37,2016-01-30-82,190.16041126755042
38,2016-01-30-82,1.0
39,2016-01-30-82,1.0
40,2016-01-30-82,1.0
41,2016-01-30-82,1.0
42,2016-01-30-82,10.863595673893814
43,2016-01-30-82,1.0
44,2016-01-30-82,1.0
45,2016-01-30-82,1.0
46,2016-01-30-82,39.54692829653921
47,2016-01-30-82,1.0
48,2016-01-30-82,18.553845679266594
49,2016-01-30-82,1.0
50,2016-01-30-82,1.0
51,2016-01-30-82,26.163123540213544
52,2016-01-30-82,1.0
53,2016-01-30-82,1.0
54,2016-01-30-82,1.0
55,2016-01-30-82,1.0
56,2016-01-30-82,1.0
57,2016-01-30-82,1.0
58,2016-01-30-82,1.0
59,2016-01-30-82,1.0
60,2016-01-30-82,1.0
61,2016-01-30-82,1.0
62,2016-01-30-82,1.0
63,2016-01-30-82,1.0
64,2016-01-30-82,1.0
65,2016-01-30-82,1.0
66,2016-01-30-82,1.0
1,2016-01-30-94,1.9163918581590331
2,2016-01-30-94,1.0
3,2016-01-30-94,1.0
4,2016-01-30-94,4.191990403137332
5,2016-01-30-94,1.0
6,2016-01-30-94,1.1784592212150418
7,2016-01-30-94,37.411420192008435
8,2016-01-30-94,146.73050003364946
9,2016-01-30-94,1.0
10,2016-01-30-94,1.0
11,2016-01-30-94,1.0
12,2016-01-30-94,1.4222728210954148
13,2016-01-30-94,1.0
14,2016-01-30-94,8.377352508076747
15,2016-01-30-94,1.0
16,2016-01-30-94,1.0
17,2016-01-30-94,1.0
18,2016-01-30-94,1.0
19,2016-01-30-94,1.0
20,2016-01-30-94,2.05410471467842
21,2016-01-30-94,1.2532697071364491
22,2016-01-30-94,11.22610840843675
23,2016-01-30-94,119.49904877911099
24,2016-01-30-94,7.0011614312453
25,2016-01-30-94,1.0
26,2016-01-30-94,5.181427910764612
27,2016-01-30-94,3.5102966186227675
28,2016-01-30-94,3.297397198213741
29,2016-01-30-94,1.0
30,2016-01-30-94,1.0
31,2016-01-30-94,1.0
32,2016-01-30-94,1.0
33,2016-01-30-94,1.0
34,2016-01-30-94,1.0
35,2016-01-30-94,1.0407881489429491
36,2016-01-30-94,1.0
37,2016-01-30-94,23.20160166580358
38,2016-01-30-94,1.0
39,2016-01-30-94,1.0
40,2016-01-30-94,1.0
41,2016-01-30-94,1.0
42,2016-01-30-94,1.747775694896341
43,2016-01-30-94,1.0
44,2016-01-30-94,1.0
45,2016-01-30-94,1.0
46,2016-01-30-94,2.118485439948903
47,2016-01-30-94,1.0
48,2016-01-30-94,123.72139218601725
49,2016-01-30-94,1.0
50,2016-01-30-94,1.0
51,2016-01-30-94,254.72639114939875
52,2016-01-30-94,1.0
53,2016-01-30-94,1.0
54,2016-01-30-94,1.0
55,2016-01-30-94,1.0
56,2016-01-30-94,1.0
57,2016-01-30-94,1.0
58,2016-01-30-94,1.0
59,2016-01-30-94,1.0
60,2016-01-30-94,1.0
61,2016-01-30-94,1.0
62,2016-01-30-94,1.0
63,2016-01-30-94,1.0
64,2016-01-30-94,1.0
65,2016-01-30-94,1.0
66,2016-01-30-94,1.0
1,2016-01-30-106,4.038467101697031
2,2016-01-30-106,1.0
3,2016-01-30-106,1.0
4,2016-01-30-106,1.4688615959497315
5,2016-01-30-106,1.0
6,2016-01-30-106,1.0
7,2016-01-30-106,14.829936766337788
8,2016-01-30-106,10.29745179377833
9,2016-01-30-106,1.0
10,2016-01-30-106,1.0
11,2016-01-30-106,1.0
12,2016-01-30-106,2.0827637535798065
13,2016-01-30-106,1.0
14,2016-01-30-106,10.365946267989859
15,2016-01-30-106,1.0
16,2016-01-30-106,1.0
17,2016-01-30-106,1.0
18,2016-01-30-106,1.0
19,2016-01-30-106,1.0366236468192027
20,2016-01-30-106,1.1290422639162
21,2016-01-30-106,1.2640512326781026
22,2016-01-30-106,5.568475687949372
23,2016-01-30-106,12.821743409667452
24,2016-01-30-106,2.201015242445081
25,2016-01-30-106,1.0
26,2016-01-30-106,1.7671925468990544
27,2016-01-30-106,4.632911807031866
28,2016-01-30-106,8.668963651727736
29,2016-01-30-106,1.0
30,2016-01-30-106,1.0
31,2016-01-30-106,1.821281757671287
32,2016-01-30-106,1.0
33,2016-01-30-106,1.0
34,2016-01-30-106,1.0
35,2016-01-30-106,1.0
36,2016-01-30-106,1.0
37,2016-01-30-106,4.609930423983845
38,2016-01-30-106,1.0
39,2016-01-30-106,1.0
40,2016-01-30-106,1.0
41,2016-01-30-106,1.0
42,2016-01-30-106,1.0
43,2016-01-30-106,1.0
44,2016-01-30-106,1.0
45,2016-01-30-106,1.0
46,2016-01-30-106,1.7878714306869101
47,2016-01-30-106,1.0
48,2016-01-30-106,354.3938134267419
49,2016-01-30-106,1.0
50,2016-01-30-106,1.0
51,2016-01-30-106,207.3858942715675
52,2016-01-30-106,1.0
53,2016-01-30-106,1.0
54,2016-01-30-106,1.0
55,2016-01-30-106,1.0
56,2016-01-30-106,1.0
57,2016-01-30-106,1.0
58,2016-01-30-106,1.0
59,2016-01-30-106,1.0
60,2016-01-30-106,1.0
61,2016-01-30-106,1.0
62,2016-01-30-106,1.0
63,2016-01-30-106,1.0
64,2016-01-30-106,1.0
65,2016-01-30-106,1.0
66,2016-01-30-106,1.0
1,2016-01-30-118,4.038467101697031
2,2016-01-30-118,1.0
3,2016-01-30-118,1.0
4,2016-01-30-118,1.3843349124969826
5,2016-01-30-118,1.0
6,2016-01-30-118,1.0
7,2016-01-30-118,2.7111353900893795
8,2016-01-30-118,5.034604373056589
9,2016-01-30-118,1.0
10,2016-01-30-118,1.0
11,2016-01-30-118,1.0
12,2016-01-30-118,1.2895116360810728
13,2016-01-30-118,1.0
14,2016-01-30-118,1.0962301401567511
15,2016-01-30-118,1.0
16,2016-01-30-118,1.0
17,2016-01-30-118,1.0
18,2016-01-30-118,1.0
19,2016-01-30-118,1.0
20,2016-01-30-118,1.4080064925659332
21,2016-01-30-118,1.0
22,2016-01-30-118,7.067477720068854
23,2016-01-30-118,4.067440215393415
24,2016-01-30-118,1.9851455757764556
25,2016-01-30-118,1.0
26,2016-01-30-118,1.0639983646679612
27,2016-01-30-118,3.798577519416348
28,2016-01-30-118,3.298237746620376
29,2016-01-30-118,1.0
30,2016-01-30-118,1.0
31,2016-01-30-118,1.0
32,2016-01-30-118,1.0
33,2016-01-30-118,1.0
34,2016-01-30-118,1.0
35,2016-01-30-118,1.0
36,2016-01-30-118,1.0
37,2016-01-30-118,2.0039542879778516
38,2016-01-30-118,1.0
39,2016-01-30-118,1.0
40,2016-01-30-118,1.0
41,2016-01-30-118,1.0
42,2016-01-30-118,1.1115526067814214
43,2016-01-30-118,1.0
44,2016-01-30-118,1.0
45,2016-01-30-118,1.0
46,2016-01-30-118,1.1463165325239888
47,2016-01-30-118,1.0
48,2016-01-30-118,3.734269923443488
49,2016-01-30-118,1.0
50,2016-01-30-118,1.0
51,2016-01-30-118,8.367968579490128
52,2016-01-30-118,1.0
53,2016-01-30-118,1.0
54,2016-01-30-118,1.0
55,2016-01-30-118,1.5171181025633211
56,2016-01-30-118,1.0
57,2016-01-30-118,1.0
58,2016-01-30-118,1.0
59,2016-01-30-118,1.0
60,2016-01-30-118,1.0
61,2016-01-30-118,1.0
62,2016-01-30-118,1.0
63,2016-01-30-118,1.0
64,2016-01-30-118,1.0
65,2016-01-30-118,1.0
66,2016-01-30-118,1.0
1,2016-01-30-130,2.759640888482379
2,2016-01-30-130,1.0
3,2016-01-30-130,1.0
4,2016-01-30-130,2.0114961247150727
5,2016-01-30-130,1.0
6,2016-01-30-130,1.0
7,2016-01-30-130,21.38244902489015
8,2016-01-30-130,15.295135373992943
9,2016-01-30-130,1.0
10,2016-01-30-130,1.0
11,2016-01-30-130,1.0
12,2016-01-30-130,2.059674843744256
13,2016-01-30-130,1.0
14,2016-01-30-130,3.5069777572467844
15,2016-01-30-130,1.0
16,2016-01-30-130,1.0
17,2016-01-30-130,1.0
18,2016-01-30-130,1.0
19,2016-01-30-130,1.0
20,2016-01-30-130,1.3154871695312589
21,2016-01-30-130,1.082517442348798
22,2016-01-30-130,8.162314999560872
23,2016-01-30-130,13.529553609667449
24,2016-01-30-130,1.4737838167319817
25,2016-01-30-130,1.0
26,2016-01-30-130,1.7468844352351887
27,2016-01-30-130,4.604137480920547
28,2016-01-30-130,7.235505814268959
29,2016-01-30-130,1.0
30,2016-01-30-130,1.0
31,2016-01-30-130,1.0
32,2016-01-30-130,1.0
33,2016-01-30-130,1.0
34,2016-01-30-130,1.0
35,2016-01-30-130,1.0
36,2016-01-30-130,1.0
37,2016-01-30-130,3.506863460643853
38,2016-01-30-130,1.0
39,2016-01-30-130,1.0
40,2016-01-30-130,1.0
41,2016-01-30-130,1.0
42,2016-01-30-130,1.0604122322190062
43,2016-01-30-130,1.0
44,2016-01-30-130,1.0
45,2016-01-30-130,1.0
46,2016-01-30-130,2.1757729496551335
47,2016-01-30-130,1.0
48,2016-01-30-130,41.594654371072664
49,2016-01-30-130,1.0
50,2016-01-30-130,1.0
51,2016-01-30-130,780.37176330561
52,2016-01-30-130,1.0
53,2016-01-30-130,1.0
54,2016-01-30-130,1.0
55,2016-01-30-130,1.0
56,2016-01-30-130,1.0
57,2016-01-30-130,1.0
58,2016-01-30-130,1.0
59,2016-01-30-130,1.0
60,2016-01-30-130,1.0742603530278216
61,2016-01-30-130,1.0
62,2016-01-30-130,1.0
63,2016-01-30-130,1.0
64,2016-01-30-130,1.0
65,2016-01-30-130,1.0
66,2016-01-30-130,1.0
1,2016-01-30-142,4.720965494860736
2,2016-01-30-142,1.0
3,2016-01-30-142,1.0
4,2016-01-30-142,1.0402716234545808
5,2016-01-30-142,1.0
6,2016-01-30-142,1.0
7,2016-01-30-142,2.5081353900893792
8,2016-01-30-142,4.835482969383032
9,2016-01-30-142,1.0
10,2016-01-30-142,1.0
11,2016-01-30-142,1.0
12,2016-01-30-142,2.652096634305397
13,2016-01-30-142,1.0
14,2016-01-30-142,1.1528431287963554
15,2016-01-30-142,1.0
16,2016-01-30-142,1.0
17,2016-01-30-142,1.0
18,2016-01-30-142,1.0
19,2016-01-30-142,1.0
20,2016-01-30-142,1.2836973801132807
21,2016-01-30-142,1.0
22,2016-01-30-142,10.189065836639811
23,2016-01-30-142,10.209845571157413
24,2016-01-30-142,1.2208043638428083
25,2016-01-30-142,1.0
26,2016-01-30-142,1.0
27,2016-01-30-142,2.1543688679602964
28,2016-01-30-142,3.3082336950804136
29,2016-01-30-142,1.0
30,2016-01-30-142,1.0
31,2016-01-30-142,1.0
32,2016-01-30-142,1.0
33,2016-01-30-142,1.0
34,2016-01-30-142,1.0
35,2016-01-30-142,1.0
36,2016-01-30-142,1.0
37,2016-01-30-142,2.049943950301187
38,2016-01-30-142,1.0
39,2016-01-30-142,1.0
40,2016-01-30-142,1.0
41,2016-01-30-142,1.0
42,2016-01-30-142,1.0
43,2016-01-30-142,1.0
44,2016-01-30-142,1.0
45,2016-01-30-142,1.0
46,2016-01-30-142,1.5001289453906743
47,2016-01-30-142,1.0
48,2016-01-30-142,5.100358194026263
49,2016-01-30-142,1.0
50,2016-01-30-142,1.0
51,2016-01-30-142,247.15738537023182
52,2016-01-30-142,1.0
53,2016-01-30-142,1.0
54,2016-01-30-142,1.0
55,2016-01-30-142,1.0
56,2016-01-30-142,1.0
57,2016-01-30-142,1.0
58,2016-01-30-142,1.0
59,2016-01-30-142,1.0
60,2016-01-30-142,1.0
61,2016-01-30-142,1.0
62,2016-01-30-142,1.0
63,2016-01-30-142,1.0
64,2016-01-30-142,1.0
65,2016-01-30-142,1.0
66,2016-01-30-142,1.0
